Red Tide Sighting No.,Date of Report,Date of Dissipation,Group,Species,Location,Latitude,Longitude,Coordinate System
1975S0001,1975-08-06,1975-08-11,Dinoflagellates,Noctiluca scintillans,"Hap Mun Bay, Clear Water Bay, Silverstrand Bay",22.2837019201173,114.295322126862,WGS84
1975S0002,1975-08-07,1975-08-16,Dinoflagellates,Noctiluca scintillans,"Southern Beaches, Hong Kong Island",22.2208233250361,114.215130233064,WGS84
1976S0001,1976-03-16,1976-03-18,Dinoflagellates,Noctiluca scintillans,Trio Beach Sai Kung and Silverstand Bay,22.3249294789134,114.275622863876,WGS84
1977S0001,1977-02-28,1977-03-01,Dinoflagellates,Noctiluca scintillans,"Silverstrand Beach, Sai Kung",22.3229383978159,114.272430693211,WGS84
1977S0003,1977-03-15,1977-03-18,Dinoflagellates,Noctiluca scintillans,"Clear Water Bay, Sai Kung",22.2867528191823,114.29418568755,WGS84
1977S0002,1977-03-15,1977-03-16,Dinoflagellates,Noctiluca scintillans,Yim Tin Tsai Fish Culture Zone,22.4537088928599,114.207867381726,WGS84
1977S0004,1977-05-24,1977-05-25,Dinoflagellates,Gymndinium simplex,Tolo Harbour,22.4459060119568,114.196059274146,WGS84
1978S0001,1978-04-17,1978-04-19,Dinoflagellates,Ceratium furca,Tolo Harbour,22.4436331285727,114.222293363462,WGS84
1978S0001,1978-04-17,1978-04-19,Dinoflagellates,Gymnodinium sp.,Tolo Harbour,22.4436331285727,114.222293363462,WGS84
1979S0001,1979-03-07,1979-03-08,Dinoflagellates,Protoperidinium depressum,Tolo Harbour,22.4436331285727,114.222293363462,WGS84
1980S0001,1980-03-18,1980-03-19,Dinoflagellates,Prorocentrum sigmoides,Tolo Harbour,22.4436331285727,114.222293363462,WGS84
1980S0002,1980-04-15,1980-04-16,Others,Undetermined sp.,Tolo Harbour,22.4436331285727,114.222293363462,WGS84
1980S0003,1980-04-18,1980-04-23,Dinoflagellates,Prorocentrum micans,"Crooked Harbour, Double Haven, Long Harbour",22.4491486453952,114.34756934625,WGS84
1980S0004,1980-04-27,1980-04-28,Others,Undetermined sp.,Tolo Harbour and Tolo Channel,22.4817706452354,114.315079460068,WGS84
1980S0005,1980-04-28,1980-04-29,Others,Undetermined sp.,Kau Sai Fish Culture Zone,22.3414288598495,114.318437678424,WGS84
1980S0007,1980-08-26,1980-08-27,Dinoflagellates,Noctiluca scintillans,"Nam She Wan, Sai Kung",22.4382813246191,114.37082506974,WGS84
1980S0007,1980-08-26,1980-08-27,Others,Trichodesmium erythraeum,"Nam She Wan, Sai Kung",22.4382813246191,114.37082506974,WGS84
1980S0006,1980-08-26,1980-08-27,Dinoflagellates,Gymnodinium sp.,"Tai Long Sai Wan, Sai Kung",22.3989385081385,114.373076961195,WGS84
1980S0008,1980-09-28,1980-10-03,Dinoflagellates,Karenia mikimotoi,Tolo Harbour,22.4436331285727,114.222293363462,WGS84
1980S0009,1980-10-18,1980-10-19,Dinoflagellates,Noctiluca scintillans,"Cafeteria Old Beach, Tuen Mun",22.3747360284492,113.983962748878,WGS84
1981S0001,1981-01-28,1981-01-29,Dinoflagellates,Gymnodinium simplex,Tolo Harbour,22.4436331285727,114.222293363462,WGS84
1981S0002,1981-02-14,1981-02-15,Dinoflagellates,Karenia mikimotoi,"Hang Hau, Sai Kung",22.2987586388346,114.260857830927,WGS84
1981S0003,1981-03-25,1981-03-26,Dinoflagellates,Gymnodinium simplex,Tolo Harbour,22.4436331285727,114.222293363462,WGS84
1981S0004,1981-10-14,1981-10-15,Others,Undetermined sp.,Tolo Harbour,22.4436331285727,114.222293363462,WGS84
1982S0001,1982-01-22,1982-01-23,Others,Undetermined sp.,Silvermine Bay and Cheung Sha Wan Fish Culture Zone,22.2658003857783,114.005557719705,WGS84
1982S0003,1982-03-10,1982-03-11,Others,Undetermined sp.,Tolo Harbour,22.4436331285727,114.222293363462,WGS84
1982S0004,1982-03-15,1982-03-16,Dinoflagellates,Gymnodinium sp.X,Inner Port Shelter near Yeung Chau,22.3793233682376,114.28024213581,WGS84
1982S0005,1982-03-19,1982-03-20,Dinoflagellates,Noctiluca scintillans,Tolo Harbour near Yuen Chau Tsai,22.4471825431082,114.178729832492,WGS84
1982S0005,1982-03-19,1982-03-20,Dinoflagellates,Prorocentrum micans,Tolo Harbour near Yuen Chau Tsai,22.4471825431082,114.178729832492,WGS84
1982S0006,1982-05-05,1982-05-06,Others,Undetermined sp.,Tolo Harbour near Yuen Chau Tsai,22.4471825431082,114.178729832492,WGS84
1982S0007,1982-05-12,1982-05-13,Dinoflagellates,Gymnodinium sp.X,Inner Port Shelter near Yeung Chau and Kau Sai Fish Culture Zone,22.341440913415,114.318429885789,WGS84
1982S0008,1982-09-09,1982-09-10,Others,Undetermined sp.,"Port Shelter (Ngau Mei Hoi), Sai Kung",22.3442848112631,114.288800994762,WGS84
1982S0009,1982-09-23,1982-09-24,Dinoflagellates,Gonyaulax polygramma,"Port Shelter (Ngau Mei Hoi), Sai Kung",22.3442848112631,114.288800994762,WGS84
1982S0010,1982-10-30,1982-10-31,Others,Undetermined sp.,"Tso Wo Hang, Inner Port Shelter",22.3896902454938,114.288613743495,WGS84
1982S0011,1982-11-23,1982-11-24,Dinoflagellates,Gyrodinium instriatum,Ma Wan,22.3544048559501,114.054940250966,WGS84
1983S0001,1983-03-03,1983-03-04,Others,Mesodinium rubrum,Tolo Harbour,22.4436331285727,114.222293363462,WGS84
1983S0002,1983-03-09,1983-03-10,Others,Undetermined sp.,Tolo Harbour near Sam Mun Tsai,22.4559982917164,114.200446919206,WGS84
1983S0003,1983-03-21,1983-03-22,Dinoflagellates,Noctiluca scintillans,Tolo Harbour near Yuen Chau Tsai,22.4471825431082,114.178729832492,WGS84
1983S0004,1983-04-11,1983-04-12,Dinoflagellates,Noctiluca scintillans,"Turtle Cove Beach, Hong Kong Island",22.2323619896757,114.223527619083,WGS84
1983S0005,1983-04-20,1983-04-21,Dinoflagellates,Noctiluca scintillans,Tolo Channel and Long Harbour,22.4490860878233,114.347581510491,WGS84
1983S0006,1983-04-20,1983-04-21,Dinoflagellates,Noctiluca scintillans,"Shek O Beach, Turtle Cove Beach, Stanley Main Beach",22.2207986226751,114.21514462962,WGS84
1983S0007,1983-05-16,1983-05-17,Others,Teleaulax acuta,Tolo Harbour,22.4436331285727,114.222293363462,WGS84
1983S0008,1983-05-19,1983-05-20,Dinoflagellates,Ceratium furca,"Port Shelter (Ngau Mei Hoi), Sai Kung",22.3442848112631,114.288800994762,WGS84
1983S0009,1983-08-12,1983-08-13,Dinoflagellates,Noctiluca scintillans,Sok Kwu Wan Fish Culture Zone,22.2084416628988,114.133440105449,WGS84
1983S0010,1983-08-14,1983-08-15,Others,Undetermined sp.,Tap Mun,22.4729462306435,114.372927853953,WGS84
1983S0011,1983-09-19,1983-09-20,Dinoflagellates,Ceratium furca,Ma Nam Wat Fish Culture Zone,22.3545246416136,114.270930516511,WGS84
1983S0012,1983-09-20,1983-09-21,Dinoflagellates,Ceratium furca,Plover Cove (Shuen Wan Hoi),22.4658700071974,114.234189939163,WGS84
1983S0013,1983-10-18,1983-10-19,Dinoflagellates,Karenia mikimotoi,Tolo Harbour,22.4436331285727,114.222293363462,WGS84
1983S0014,1983-11-11,1983-11-12,Dinoflagellates,Prorocentrum micans,Tolo Harbour near Yuen Chau Tsai,22.4471825431082,114.178729832492,WGS84
1983S0015,1983-11-12,1983-11-13,Dinoflagellates,Gyrodinium instriatum,Deep Bay,22.4786281849001,113.974129841178,WGS84
1983S0016,1983-12-13,1983-12-14,Dinoflagellates,Prorocentrum triestinum,Tolo Harbour near Yuen Chau Tsai,22.4471825431082,114.178729832492,WGS84
1983S0017,1983-12-13,1983-12-14,Dinoflagellates,Heterocapsa circularisquama,Tolo Harbour,22.4436331285727,114.222293363462,WGS84
1983S0018,1983-12-14,1983-12-15,Dinoflagellates,Noctiluca scintillans,Cheung Sha Wan Fish Culture Zone,22.235803653668,114.005965407858,WGS84
1983S0020,1983-12-14,1983-12-19,Others,Mesodinium rubrum,"Lung Kwu Chau, Pillar Point, Sha Chau",22.3612583985598,113.951958352938,WGS84
1983S0019,1983-12-14,1983-12-15,Others,Mesodinium rubrum,Chek Lap Kok,22.3212664601332,113.907831074412,WGS84
1983S0021,1983-12-18,1983-12-19,Others,Mesodinium rubrum,"Pillar Point (Mong Hau Shek), Tuen Mun",22.3610616442265,113.952063951024,WGS84
1983S0022,1983-12-19,1983-12-20,Others,Mesodinium rubrum,Junk Bay (Tseung Kwan O),22.2870846325807,114.258739591895,WGS84
1983S0023,1983-12-28,1983-12-29,Dinoflagellates,Gymnodinium sp.,Shatin Hoi,22.4164807494434,114.218635092859,WGS84
1984S0001,1984-01-15,1984-01-16,Dinoflagellates,Noctiluca scintillans,"Port Shelter (Ngau Mei Hoi), Sai Kung",22.3361897188202,114.275221172789,WGS84
1984S0002,1984-01-17,1984-01-19,Others,Plagioselmis prolonga,Tolo Harbour,22.4436331285727,114.222293363462,WGS84
1984S0003,1984-01-18,1984-01-20,Others,Mesodinium rubrum,"Port Shelter (Ngau Mei Hoi), Sai Kung and Po Toi O Fish Culture Zone",22.3442695990984,114.288820873642,WGS84
1984S0004,1984-01-30,1984-01-31,Others,Plagioselmis prolonga,Yim Tin Tsai Fish Culture Zone and Tolo Harbour,22.4387958663185,114.215302966531,WGS84
1984S0005,1984-02-10,1984-02-21,Dinoflagellates,Noctiluca scintillans,Yim Tin Tsai Fish Culture Zone,22.4547049747073,114.208580263924,WGS84
1984S0005,1984-02-10,1984-02-21,Diatom,Guinardia delicatula,Yim Tin Tsai Fish Culture Zone,22.4547049747073,114.208580263924,WGS84
1984S0006,1984-02-24,1984-02-25,Others,Undetermined sp.,Fat Tong Mun,22.25930690765,114.297117198786,WGS84
1984S0007,1984-03-05,1984-03-07,Others,Plagioselmis prolonga,Tolo Harbour,22.4436331285727,114.222293363462,WGS84
1984S0008,1984-03-09,1984-03-10,Dinoflagellates,Noctiluca scintillans,Tolo Harbour,22.4436331285727,114.222293363462,WGS84
1984S0009,1984-03-13,1984-03-14,Others,Mesodinium rubrum,Tolo Harbour,22.4436331285727,114.222293363462,WGS84
1984S0009,1984-03-13,1984-03-14,Dinoflagellates,Cochlodinium spp.,Tolo Harbour,22.4436331285727,114.222293363462,WGS84
1984S0009,1984-03-13,1984-03-14,Dinoflagellates,Noctiluca scintillans,Tolo Harbour,22.4436331285727,114.222293363462,WGS84
1984S0011,1984-03-14,1984-03-16,Dinoflagellates,Noctiluca scintillans,Kat O Fisheries Research Station,22.5365981421075,114.302904690136,WGS84
1984S0010,1984-03-15,1984-03-16,Others,Mesodinium rubrum,Tolo Harbour near Sam Mun Tsai,22.4558062082928,114.206204915415,WGS84
1984S0010,1984-03-15,1984-03-16,Dinoflagellates,Noctiluca scintillans,Tolo Harbour near Sam Mun Tsai,22.4558062082928,114.206204915415,WGS84
1984S0010,1984-03-15,1984-03-16,Dinoflagellates,Cochlodinium spp.,Tolo Harbour near Sam Mun Tsai,22.4558062082928,114.206204915415,WGS84
1984S0012,1984-03-26,1984-03-27,Dinoflagellates,Noctiluca scintillans,Port Island (Chek Chau),22.4973032169497,114.354709957815,WGS84
1984S0013,1984-03-27,1984-03-31,Dinoflagellates,Noctiluca scintillans,Kat O Fisheries Research Station,22.5365981421075,114.302904690136,WGS84
1984S0014,1984-03-27,1984-03-28,Others,Undetermined sp.,Southern Beaches,22.2358870947389,114.195458765247,WGS84
1984S0015,1984-03-27,1984-03-31,Dinoflagellates,Noctiluca scintillans,Tolo Harbour near Sam Mun Tsai,22.4558062082928,114.206204915415,WGS84
1984S0015,1984-03-27,1984-03-31,Diatom,Leptocylindrus minimus,Tolo Harbour near Sam Mun Tsai,22.4558062082928,114.206204915415,WGS84
1984S0016,1984-03-31,1984-04-01,Dinoflagellates,Noctiluca scintillans,"Stanley Main Beach, Hong Kong Island",22.2208233250361,114.215130233064,WGS84
1984S0017,1984-04-03,1984-04-11,Dinoflagellates,Noctiluca scintillans,Tolo Harbour and Tolo Channel,22.4817706407252,114.315079454233,WGS84
1984S0017,1984-04-03,1984-04-11,Dinoflagellates,Gymnodinium simplex,Tolo Harbour and Tolo Channel,22.4817706407252,114.315079454233,WGS84
1984S0018,1984-04-05,1984-04-06,Dinoflagellates,Noctiluca scintillans,Sok Kwu Wan Fish Culture Zone,22.2096986281726,114.133910159606,WGS84
1984S0019,1984-04-11,1984-04-12,Others,Undetermined sp.,Long Harbour,22.4493108747519,114.347511634005,WGS84
1984S0020,1984-04-12,1984-04-19,Dinoflagellates,Gymnodinium sanguineum,Tolo Harbour,22.4416641134058,114.202349467846,WGS84
1984S0020,1984-04-12,1984-04-19,Dinoflagellates,Noctiluca scintillans,Tolo Harbour,22.4416641134058,114.202349467846,WGS84
1984S0021,1984-04-19,1984-04-26,Dinoflagellates,Noctiluca scintillans,"Yim Tin Tsai to Ma Shi Chau, Tolo Harbour",22.446225317711,114.218695955041,WGS84
1984S0022,1984-04-19,1984-04-20,Dinoflagellates,Prorocentrum micans,Tolo Harbour,22.4433547479941,114.222957622947,WGS84
1984S0023,1984-05-02,1984-05-25,Dinoflagellates,Prorocentrum dentatum,Tolo Harbour and Tolo Channel,22.4722932927799,114.301284100688,WGS84
1984S0024,1984-06-12,1984-06-15,Dinoflagellates,Prorocentrum dentatum,Tolo Harbour near Tai Po Industrial Estate,22.4504313859787,114.185011869651,WGS84
1984S0025,1984-07-12,1984-07-21,Dinoflagellates,Prorocentrum sigmoides,Tolo Harbour and Tolo Channel,22.4817706407252,114.315079454233,WGS84
1984S0026,1984-09-20,1984-10-03,Dinoflagellates,Ceratium furca,Inner Port Shelter near Yeung Chau,22.3793233682376,114.28024213581,WGS84
1984S0027,1984-10-01,1984-10-08,Others,Trichodesmium erythraeum,"Tai Long Sai Wan to Long Ke Wan, Sai Kung",22.3976798619826,114.381167373147,WGS84
1984S0028,1984-10-10,1984-10-11,Others,Undetermined sp.,Inner Port Shelter and Ninepin Group South,22.3706907350434,114.28044680452,WGS84
1984S0029,1984-10-15,1984-10-17,Dinoflagellates,Ceratium furca,Inner Port Shelter,22.3704550386362,114.276696580814,WGS84
1985S0001,1985-01-16,1985-01-18,Others,Plagioselmis prolonga,Tolo Harbour near Yuen Chau Tsai,22.4471825431082,114.178729832492,WGS84
1985S0002,1985-01-17,1985-01-25,Dinoflagellates,Noctiluca scintillans,Kat O Fish Culture Zone,22.549724182846,114.289410351792,WGS84
1985S0003,1985-01-23,1985-01-24,Dinoflagellates,Noctiluca scintillans,Tolo Harbour,22.4436331285727,114.222293363462,WGS84
1985S0004,1985-01-23,1985-01-25,Diatom,Skeletonema costatum,"Tap Shek Kok to Castle Peak Bay, Tuen Mun",22.3547729643782,113.934619799805,WGS84
1985S0005,1985-01-30,1985-02-04,Others,Mesodinium rubrum,Cheung Sha Wan Fish Culture Zone,22.2361241510832,114.006317592245,WGS84
1985S0007,1985-02-05,1985-02-06,Dinoflagellates,Noctiluca scintillans,Kai Lung Wan Fish Culture Zone,22.3685611313728,114.301285709077,WGS84
1985S0006,1985-02-05,1985-02-06,Dinoflagellates,Prorocentrum triestinum,Tolo Harbour,22.4436331285727,114.222293363462,WGS84
1985S0008,1985-02-08,1985-02-09,Dinoflagellates,Prorocentrum triestinum,Tolo Harbour,22.448641321296,114.190426842355,WGS84
1985S0009,1985-02-12,1985-02-13,Dinoflagellates,Noctiluca scintillans,Kat O Fish Culture Zone,22.5496188525662,114.289307874462,WGS84
1985S0010,1985-02-18,1985-02-19,Dinoflagellates,Prorocentrum triestinum,Tolo Harbour,22.4436331285727,114.222293363462,WGS84
1985S0011,1985-03-18,1985-03-20,Dinoflagellates,Noctiluca scintillans,Kat O Fish Culture Zone,22.549724182846,114.289410351792,WGS84
1985S0012,1985-03-26,1985-03-27,Dinoflagellates,Noctiluca scintillans,"Port Shelter (Ngau Mei Hoi), Sai Kung",22.3386758083625,114.308073363302,WGS84
1985S0013,1985-03-27,1985-03-29,Dinoflagellates,Noctiluca scintillans,"Deep Water Bay, Hong Kong Island",22.2402970193189,114.182106672236,WGS84
1985S0014,1985-04-02,1985-04-03,Dinoflagellates,Noctiluca scintillans,Kat O Fish Culture Zone,22.549724182846,114.289410351792,WGS84
1985S0015,1985-04-16,1985-04-17,Others,Undetermined sp.,Shatin Hoi,22.4164807494434,114.218635092859,WGS84
1985S0016,1985-05-02,1985-05-07,Dinoflagellates,Prorocentrum dentatum,Tolo Harbour,22.4436331285727,114.222293363462,WGS84
1985S0016,1985-05-02,1985-05-07,Dinoflagellates,Prorocentrum triestinum,Tolo Harbour,22.4436331285727,114.222293363462,WGS84
1985S0017,1985-05-07,1985-05-08,Dinoflagellates,Prorocentrum triestinum,Tolo Harbour,22.4436331285727,114.222293363462,WGS84
1985S0018,1985-05-14,1985-05-20,Dinoflagellates,Gyrodinium instriatum,Victoria Harbour,22.2890684975176,114.174612687157,WGS84
1985S0019,1985-05-20,1985-05-24,Dinoflagellates,Prorocentrum triestinum,Tolo Harbour,22.4436331285727,114.222293363462,WGS84
1985S0020,1985-06-13,1985-06-14,Dinoflagellates,Prorocentrum sigmoides,Tolo Channel,22.4426088000076,114.266042993605,WGS84
1985S0021,1985-09-24,1985-09-25,Others,Undetermined sp.,"Port Shelter (Ngau Mei Hoi), Sai Kung",22.3442848112631,114.288800994762,WGS84
1985S0022,1985-10-16,1985-10-18,Dinoflagellates,Prorocentrum triestinum,Shatin Hoi,22.4164807494434,114.218635092859,WGS84
1985S0023,1985-10-25,1985-10-29,Dinoflagellates,Prorocentrum triestinum,Tolo Harbour,22.4436331285727,114.222293363462,WGS84
1985S0024,1985-11-08,1985-11-09,Dinoflagellates,Ceratium furca,Inner Port Shelter,22.3707019401543,114.280379021009,WGS84
1985S0025,1985-11-13,1985-11-16,Dinoflagellates,Prorocentrum triestinum,Tolo Harbour,22.4115949641525,114.217079265147,WGS84
1985S0026,1985-11-20,1985-11-22,Dinoflagellates,Prorocentrum triestinum,Tolo Harbour,22.4436331285727,114.222293363462,WGS84
1985S0027,1985-12-03,1985-12-07,Dinoflagellates,Prorocentrum triestinum,Yim Tin Tsai Fish Culture Zone,22.4537088928599,114.207867381726,WGS84
1985S0028,1985-12-23,1985-12-31,Dinoflagellates,Prorocentrum triestinum,Shatin Hoi,22.4115949641525,114.217079265147,WGS84
1985S0028,1985-12-23,1985-12-31,Diatom,Thalassiosira mala,Shatin Hoi,22.4115949641525,114.217079265147,WGS84
1986S0001,1986-01-22,1986-01-23,Others,Undetermined sp.,Tolo Harbour,22.4436331285727,114.222293363462,WGS84
1986S0002,1986-02-19,1986-02-20,Dinoflagellates,Noctiluca scintillans,Tolo Harbour to Shatin Hoi,22.4259887338523,114.219771283758,WGS84
1986S0003,1986-02-25,1986-02-26,Others,Mesodinium rubrum,Tolo Harbour,22.4436331285727,114.222293363462,WGS84
1986S0004,1986-03-04,1986-03-08,Others,Mesodinium rubrum,Tolo Harbour,22.4378188781298,114.22864748815,WGS84
1986S0005,1986-03-11,1986-03-12,Dinoflagellates,Noctiluca scintillans,Kat O Fisheries Research Station,22.5365981421075,114.302904690136,WGS84
1986S0006,1986-03-19,1986-03-20,Dinoflagellates,Noctiluca scintillans,Plover Cove (Shuen Wan Hoi),22.4648108932466,114.233879026517,WGS84
1986S0007,1986-04-04,1986-04-11,Dinoflagellates,Noctiluca scintillans,Kat O Fisheries Research Station,22.5365538656619,114.302640178741,WGS84
1986S0008,1986-04-14,1986-04-16,Dinoflagellates,Prorocentrum triestinum,Tolo Harbour,22.4436331285727,114.222293363462,WGS84
1986S0009,1986-04-14,1986-04-15,Dinoflagellates,Noctiluca scintillans,Yim Tin Tsai Fish Culture Zone,22.4537088928599,114.207867381726,WGS84
1986S0010,1986-04-18,1986-04-19,Dinoflagellates,Noctiluca scintillans,"Hoi Ha Wan, Sai Kung",22.4619784229027,114.328454887346,WGS84
1986S0011,1986-04-24,1986-04-25,Dinoflagellates,Gonyaulax polygramma,Port Shelter near Kiu Tsui,22.3668797763723,114.285465343862,WGS84
1986S0012,1986-04-30,1986-05-01,Dinoflagellates,Prorocentrum minimum,Tolo Harbour to Shatin Hoi,22.4259887338523,114.219771283758,WGS84
1986S0013,1986-05-14,1986-05-15,Others,Teleaulax acuta,Tolo Harbour,22.4488205484633,114.252339004951,WGS84
1986S0013,1986-05-14,1986-05-15,Diatom,Leptocylindrus danicus,Tolo Harbour,22.4488205484633,114.252339004951,WGS84
1986S0014,1986-05-15,1986-05-17,Diatom,Skeletonema costatum,Tolo Harbour,22.4436331285727,114.222293363462,WGS84
1986S0015,1986-05-25,1986-05-26,Others,Undetermined sp.,East Lamma Channel,22.228182134298,114.149753662017,WGS84
1986S0016,1986-05-27,1986-05-29,Others,Teleaulax acuta,Tolo Harbour,22.4436331285727,114.222293363462,WGS84
1986S0017,1986-06-03,1986-06-13,Dinoflagellates,Prorocentrum triestinum,Tolo Harbour,22.4436331285727,114.222293363462,WGS84
1986S0018,1986-06-12,1986-06-13,Dinoflagellates,Gymnodinium sp.,Starling Inlet (Sha Tau Kok Hoi),22.5348466838985,114.220249562559,WGS84
1986S0019,1986-06-20,1986-06-21,Others,Undetermined sp.,Tolo Channel,22.4726467039114,114.298909456754,WGS84
1986S0020,1986-06-22,1986-06-23,Others,Undetermined sp.,"Port Shelter (Ngau Mei Hoi), Sai Kung",22.3467448167642,114.301038128102,WGS84
1986S0021,1986-07-15,1986-07-16,Dinoflagellates,Ceratium furca,Tap Mun to Tai Long Wan,22.4301181539483,114.414719528493,WGS84
1986S0022,1986-07-29,1986-08-01,Diatom,Pseudo-nitzschia pungens,Lei Yue Mun to Junk Bay,22.2865340858608,114.249732934622,WGS84
1986S0022,1986-07-29,1986-08-01,Diatom,Skeletonema costatum,Lei Yue Mun to Junk Bay,22.2865340858608,114.249732934622,WGS84
1986S0023,1986-09-12,1986-09-16,Dinoflagellates,Heterocapsa circularisquama,Tolo Harbour,22.4436331285727,114.222293363462,WGS84
1986S0024,1986-09-17,1986-09-18,Diatom,Skeletonema costatum,Shatin Hoi,22.4164807494434,114.218635092859,WGS84
1986S0025,1986-09-20,1986-09-29,Dinoflagellates,Prorocentrum sigmoides,Three Fathoms Cove (Kei Ling Ha Hoi),22.4300222316933,114.277458559829,WGS84
1986S0026,1986-10-15,1986-10-16,Dinoflagellates,Karenia mikimotoi,Tolo Harbour,22.4457272816072,114.191593249631,WGS84
1986S0027,1986-10-15,1986-10-16,Dinoflagellates,Prorocentrum triestinum,Tolo Harbour,22.4339779669543,114.218934759773,WGS84
1986S0028,1986-11-05,1986-11-06,Dinoflagellates,Prorocentrum triestinum,Tolo Harbour,22.4454522785336,114.193957947644,WGS84
1986S0029,1986-11-12,1986-11-13,Diatom,Thalassiosira mala,Shing Mun River,22.3973287844342,114.208633065372,WGS84
1986S0030,1986-12-10,1986-12-12,Dinoflagellates,Prorocentrum triestinum,Tolo Harbour,22.4444975552805,114.197968513898,WGS84
1986S0031,1986-12-23,1986-12-29,Dinoflagellates,Karenia mikimotoi,Tolo Harbour,22.4436331285727,114.222293363462,WGS84
1986S0032,1986-12-30,1986-12-31,Others,Mesodinium rubrum,"Clear Water Bay and Sheung Sze Wan, Sai Kung",22.2837275123717,114.295285721526,WGS84
1986S0033,1986-12-31,1987-01-01,Dinoflagellates,Noctiluca scintillans,Kat O Fish Culture Zone,22.549724182846,114.289410351792,WGS84
1987S0001,1987-01-08,1987-01-09,Diatom,Skeletonema costatum,Tolo Harbour,22.4420453723245,114.196750111973,WGS84
1987S0002,1987-01-15,1987-01-21,Dinoflagellates,Noctiluca scintillans,"Ma Shi Chau, Tolo Harbour",22.4533369222261,114.233050341346,WGS84
1987S0003,1987-01-23,1987-01-24,Dinoflagellates,Noctiluca scintillans,Kat O Fish Culture Zone,22.5495708677475,114.290831133153,WGS84
1987S0004,1987-02-01,1987-02-02,Others,Undetermined sp.,West Lamma Island,22.2188384008324,114.072450483639,WGS84
1987S0005,1987-02-02,1987-02-08,Dinoflagellates,Noctiluca scintillans,Tolo Harbour,22.4436331285727,114.222293363462,WGS84
1987S0006,1987-02-04,1987-02-05,Others,Mesodinium rubrum,Tolo Harbour,22.4394892634084,114.199306162608,WGS84
1987S0007,1987-02-06,1987-02-21,Dinoflagellates,Prorocentrum triestinum,Tolo Harbour,22.4436331285727,114.222293363462,WGS84
1987S0008,1987-03-18,1987-03-23,Others,Heterosigma akashiwo,Yim Tin Tsai (East) Fish Culture Zone,22.4543925618752,114.22239966832,WGS84
1987S0009,1987-03-31,1987-04-01,Dinoflagellates,Noctiluca scintillans,Kat O Fish Culture Zone,22.5496132264025,114.289411535369,WGS84
1987S0010,1987-04-01,1987-04-02,Dinoflagellates,Prorocentrum triestinum,Tolo Harbour,22.4436331285727,114.222293363462,WGS84
1987S0011,1987-05-01,1987-05-02,Dinoflagellates,Noctiluca scintillans,"Turtle Cove Beach, Hong Kong Island",22.2323619896757,114.223527619083,WGS84
1987S0012,1987-05-06,1987-05-07,Dinoflagellates,Noctiluca scintillans,"Lido Beach and Hoi Mei Wan Beach, Tsuen Wan",22.3668160527618,114.076462191809,WGS84
1987S0013,1987-05-07,1987-05-08,Dinoflagellates,Noctiluca scintillans,Tolo Harbour,22.4444594876187,114.222067368922,WGS84
1987S0014,1987-05-07,1987-05-08,Dinoflagellates,Noctiluca scintillans,"Silvermine Bay Beach, Lantau Island",22.2701187204021,114.000468656771,WGS84
1987S0015,1987-05-10,1987-05-11,Dinoflagellates,Noctiluca scintillans,"Adamasta Channel, Lantau Island",22.2111362566474,114.012766938362,WGS84
1987S0016,1987-05-12,1987-05-13,Dinoflagellates,Noctiluca scintillans,Lo Tik Wan Fish Culture Zone,22.2208323140926,114.129596491294,WGS84
1987S0017,1987-05-13,1987-05-15,Others,Heterosigma akashiwo,Tolo Harbour,22.4436331285727,114.222293363462,WGS84
1987S0018,1987-05-21,1987-05-22,Dinoflagellates,Noctiluca scintillans,Kat O Fish Culture Zone,22.549724182846,114.289410351792,WGS84
1987S0019,1987-05-31,1987-06-02,Dinoflagellates,Noctiluca scintillans,Southern Beaches,22.2439096937891,114.18680761166,WGS84
1987S0020,1987-06-01,1987-06-02,Dinoflagellates,Noctiluca scintillans,Leung Shuen Wan Fish Culture Zone,22.3490665389581,114.35257804742,WGS84
1987S0021,1987-06-15,1987-06-16,Dinoflagellates,Noctiluca scintillans,"Repulse Bay Beach, Middle Bay Beach and Chung Hom Kok Beach",22.2358881687969,114.1954639453,WGS84
1987S0022,1987-06-24,1987-06-25,Diatom,Skeletonema costatum,Tolo Harbour,22.4439513422379,114.202496489304,WGS84
1987S0023,1987-07-28,1987-07-30,Dinoflagellates,Heterocapsa circularisquama,Three Fathoms Cove (Kei Ling Ha Hoi),22.4300222316933,114.277458559829,WGS84
1987S0024,1987-08-03,1987-08-08,Diatom,Skeletonema costatum,Yim Tin Tsai (East) and Yim Tin Tsai Fish Culture Zones,22.4544402183019,114.222389813107,WGS84
1987S0025,1987-08-03,1987-08-07,Diatom,Skeletonema costatum,Victoria Harbour,22.2896209887333,114.17342035885,WGS84
1987S0026,1987-08-04,1987-08-05,Diatom,Skeletonema costatum,Aberdeen Typhoon Shelter,22.2423756710962,114.160490093323,WGS84
1987S0027,1987-08-12,1987-08-13,Others,Eutreptiella spp.,Tolo Harbour,22.443997275125,114.22134442269,WGS84
1987S0028,1987-08-14,1987-08-15,Dinoflagellates,Prorocentrum triestinum,Tolo Harbour,22.4436331285727,114.222293363462,WGS84
1987S0029,1987-09-01,1987-09-03,Diatom,Skeletonema costatum,Aberdeen Typhoon Shelter,22.2423756710962,114.160490093323,WGS84
1987S0030,1987-09-02,1987-09-03,Diatom,Skeletonema costatum,Sok Kwu Wan Fish Culture Zone,22.2084416628988,114.133440105449,WGS84
1987S0031,1987-09-30,1987-10-01,Diatom,Skeletonema costatum,Tolo Harbour,22.4436331285727,114.222293363462,WGS84
1987S0032,1987-10-05,1987-10-06,Dinoflagellates,Ceratium furca,Port Shelter near Kiu Tsui,22.3668797763723,114.285465343862,WGS84
1987S0033,1987-10-07,1987-10-08,Dinoflagellates,Ceratium furca,Rocky Harbour (Leung Shuen Wan Hoi),22.3388148291569,114.34343994363,WGS84
1987S0034,1987-12-07,1987-12-10,Others,Mesodinium rubrum,Shatin Hoi,22.4164807494434,114.218635092859,WGS84
1987S0035,1987-12-11,1987-12-12,Others,Mesodinium rubrum,Kat O Fish Culture Zone,22.549724182846,114.289410351792,WGS84
1987S0036,1987-12-23,1987-12-29,Dinoflagellates,Noctiluca scintillans,Tolo Harbour,22.4436331285727,114.222293363462,WGS84
1987S0039,1987-12-29,1987-12-30,Dinoflagellates,Noctiluca scintillans,"Tso Wo Hang and Tsam Chuk Wan, Sai Kung",22.3949090858071,114.28560009469,WGS84
1987S0040,1987-12-29,1987-12-30,Dinoflagellates,Noctiluca scintillans,"Stanley Main Beach and Hairpin Bay, Hong Kong Island",22.2209703569802,114.21488622222,WGS84
1987S0038,1987-12-29,1987-12-30,Dinoflagellates,Noctiluca scintillans,Tolo Channel,22.481778601221,114.315073952468,WGS84
1987S0037,1987-12-29,1987-12-30,Others,Teleaulax acuta,Yim Tin Tsai Fish Culture Zone,22.455013468848,114.20747884304,WGS84
1988S0001,1988-01-04,1988-01-05,Dinoflagellates,Noctiluca scintillans,Kat O Fish Culture Zone,22.549724182846,114.289410351792,WGS84
1988S0002,1988-01-04,1988-01-26,Others,Mesodinium rubrum,Tolo Harbour,22.4443790007185,114.222029650023,WGS84
1988S0002,1988-01-04,1988-01-26,Dinoflagellates,Noctiluca scintillans,Tolo Harbour,22.4443790007185,114.222029650023,WGS84
1988S0003,1988-01-22,1988-01-23,Dinoflagellates,Noctiluca scintillans,Ma Wan,22.3511563536637,114.055723398354,WGS84
1988S0004,1988-01-26,1988-01-27,Dinoflagellates,Gonyaulax polygramma,O Pui Tong and Wong Wan Fish Culture Zones,22.544793676824,114.300164310639,WGS84
1988S0005,1988-01-29,1988-01-31,Dinoflagellates,Gonyaulax polygramma,Tolo Harbour,22.4436331285727,114.222293363462,WGS84
1988S0006,1988-02-02,1988-02-03,Dinoflagellates,Noctiluca scintillans,Tolo Harbour near Wu Kai Sha,22.4394894853777,114.240494257738,WGS84
1988S0008,1988-02-03,1988-02-04,Dinoflagellates,Gonyaulax polygramma,Tolo Harbour and Tolo Channel,22.4848956300312,114.339721941132,WGS84
1988S0007,1988-02-03,1988-02-04,Diatom,Skeletonema costatum,Tolo Harbour,22.4436331285727,114.222293363462,WGS84
1988S0010,1988-02-04,1988-02-05,Dinoflagellates,Gonyaulax polygramma,"Port Shelter (Ngau Mei Hoi), Sai Kung",22.3442848112631,114.288800994762,WGS84
1988S0009,1988-02-04,1988-02-05,Dinoflagellates,Gonyaulax polygramma,Tolo Harbour,22.4436331285727,114.222293363462,WGS84
1988S0009,1988-02-04,1988-02-05,Dinoflagellates,Ceratium furca,Tolo Harbour,22.4436331285727,114.222293363462,WGS84
1988S0012,1988-02-15,1988-02-16,Dinoflagellates,Gonyaulax polygramma,Tolo Channel,22.481778601221,114.315073952468,WGS84
1988S0011,1988-02-15,1988-02-16,Others,Heterosigma akashiwo,Tolo Harbour,22.4436331285727,114.222293363462,WGS84
1988S0013,1988-02-22,1988-02-23,Others,Heterosigma akashiwo,Tolo Harbour and Yung Shue Au Fish Culture Zone,22.4435705225056,114.222221795156,WGS84
1988S0013,1988-02-22,1988-02-23,Dinoflagellates,Prorocentrum minimum,Tolo Harbour and Yung Shue Au Fish Culture Zone,22.4435705225056,114.222221795156,WGS84
1988S0013,1988-02-22,1988-02-23,Dinoflagellates,Gonyaulax polygramma,Tolo Harbour and Yung Shue Au Fish Culture Zone,22.4435705225056,114.222221795156,WGS84
1988S0014,1988-02-23,1988-02-27,Dinoflagellates,Noctiluca scintillans,Tolo Harbour and Yung Shue Au Fish Culture Zone,22.4442531151214,114.222514767629,WGS84
1988S0014,1988-02-23,1988-02-27,Dinoflagellates,Prorocentrum minimum,Tolo Harbour and Yung Shue Au Fish Culture Zone,22.4442531151214,114.222514767629,WGS84
1988S0014,1988-02-23,1988-02-27,Dinoflagellates,Gonyaulax polygramma,Tolo Harbour and Yung Shue Au Fish Culture Zone,22.4442531151214,114.222514767629,WGS84
1988S0015,1988-02-26,1988-02-27,Dinoflagellates,Gonyaulax polygramma,Rocky Harbour (Leung Shuen Wan Hoi) to Po Pin Chau,22.3478344112122,114.369486599079,WGS84
1988S0016,1988-02-26,1988-02-28,Dinoflagellates,Gonyaulax polygramma,Tolo Harbour and Tolo Channel,22.4817706407252,114.315079454233,WGS84
1988S0017,1988-02-28,1988-02-29,Others,Undetermined sp.,Tung Lung Chau Fish Culture Zone,22.2558400602307,114.284729767617,WGS84
1988S0019,1988-02-29,1988-03-01,Dinoflagellates,Noctiluca scintillans,Tolo Harbour,22.4436331285727,114.222293363462,WGS84
1988S0018,1988-02-29,1988-03-01,Dinoflagellates,Gonyaulax polygramma,"Tai Tam Bay, Hong Kong Island",22.2215511720813,114.22803341904,WGS84
1988S0020,1988-03-01,1988-03-05,Dinoflagellates,Gonyaulax polygramma,Tolo Harbour and Tolo Channel,22.4817706407252,114.315079454233,WGS84
1988S0021,1988-03-11,1988-03-13,Dinoflagellates,Noctiluca scintillans,Tolo Harbour,22.4436331285727,114.222293363462,WGS84
1988S0021,1988-03-11,1988-03-13,Dinoflagellates,Gonyaulax polygramma,Tolo Harbour,22.4436331285727,114.222293363462,WGS84
1988S0021,1988-03-11,1988-03-13,Others,Eutreptiella spp.,Tolo Harbour,22.4436331285727,114.222293363462,WGS84
1988S0022,1988-03-14,1988-03-17,Dinoflagellates,Gonyaulax polygramma,Tolo Harbour and Yung Shue Au Fish Culture Zone,22.4435705225056,114.222221795156,WGS84
1988S0023,1988-03-15,1988-03-16,Dinoflagellates,Gonyaulax polygramma,East Lamma Channel,22.1913190531676,114.229800122436,WGS84
1988S0024,1988-03-16,1988-03-17,Dinoflagellates,Gonyaulax polygramma,"Clear Water Bay and Lung Ha Wan, Sai Kung",22.2837191132157,114.295299027638,WGS84
1988S0025,1988-03-18,1988-03-24,Dinoflagellates,Gonyaulax polygramma,Yim Tin Tsai (East) Fish Culture Zone,22.4542159974872,114.222082861883,WGS84
1988S0026,1988-03-22,1988-03-31,Dinoflagellates,Prorocentrum minimum,Tolo Harbour and Yung Shue Au Fish Culture Zone,22.4435705225056,114.222221795156,WGS84
1988S0026,1988-03-22,1988-03-31,Dinoflagellates,Gonyaulax polygramma,Tolo Harbour and Yung Shue Au Fish Culture Zone,22.4435705225056,114.222221795156,WGS84
1988S0027,1988-03-25,1988-03-26,Dinoflagellates,Gonyaulax polygramma,Lo Fu Wat Fish Culture Zone,22.4685144182096,114.271787794687,WGS84
1988S0028,1988-04-06,1988-04-08,Dinoflagellates,Gonyaulax polygramma,Inner Port Shelter (Sai Kung Hoi),22.3707019401543,114.280379021009,WGS84
1988S0029,1988-04-06,1988-04-19,Dinoflagellates,Gonyaulax polygramma,Tolo Harbour and Tolo Channel,22.4417992136704,114.228623805693,WGS84
1988S0030,1988-04-08,1988-04-13,Dinoflagellates,Gonyaulax polygramma,Yim Tin Tsai (East) Fish Culture Zone,22.4544512421168,114.223096530071,WGS84
1988S0031,1988-04-19,1988-05-10,Dinoflagellates,Gonyaulax polygramma,Tolo Harbour and Tolo Channel,22.442508152061,114.228277076302,WGS84
1988S0031,1988-04-19,1988-05-10,Diatom,Skeletonema costatum,Tolo Harbour and Tolo Channel,22.442508152061,114.228277076302,WGS84
1988S0032,1988-04-24,1988-04-25,Dinoflagellates,Gonyaulax polygramma,"Port Shelter (Ngau Mei Hoi), Sai Kung",22.3450617640113,114.289867339822,WGS84
1988S0033,1988-04-26,1988-04-27,Dinoflagellates,Gonyaulax polygramma,Sham Wan Fish Culture Zone,22.44007776633,114.353152842604,WGS84
1988S0034,1988-05-01,1988-05-02,Dinoflagellates,Gonyaulax polygramma,Sheung Sze Mun,22.1972054330556,114.25151165126,WGS84
1988S0035,1988-05-03,1988-05-05,Dinoflagellates,Noctiluca scintillans,"Turtle Cove Beach and South Bay Beach, Hong Kong Island",22.2251296538699,114.196667769074,WGS84
1988S0035,1988-05-03,1988-05-05,Dinoflagellates,Gonyaulax polygramma,"Turtle Cove Beach and South Bay Beach, Hong Kong Island",22.2251296538699,114.196667769074,WGS84
1988S0036,1988-05-06,1988-05-07,Diatom,Skeletonema costatum,Aberdeen,22.2463102123313,114.151775791145,WGS84
1988S0037,1988-05-08,1988-05-09,Others,Undetermined sp.,Green Island to Kennedy Town,22.2811509902727,114.115569978617,WGS84
1988S0039,1988-05-17,1988-05-20,Dinoflagellates,Prorocentrum minimum,Tolo Harbour,22.4444594876187,114.222067368922,WGS84
1988S0038,1988-05-17,1988-05-18,Dinoflagellates,Noctiluca scintillans,Mirs Bay near Shek Ngau Chau,22.4659857141687,114.427227260817,WGS84
1988S0040,1988-05-18,1988-05-22,Dinoflagellates,Noctiluca scintillans,Southern Beaches,22.2358870947389,114.195458765247,WGS84
1988S0041,1988-05-19,1988-05-22,Dinoflagellates,Noctiluca scintillans,"Hung Shing Yeh Beach and Lo So Shing Beach, Lamma Island",22.2178141232517,114.118958177406,WGS84
1988S0042,1988-05-20,1988-05-21,Dinoflagellates,Noctiluca scintillans,"Shek Kwu Chau, Lantau Island",22.1976315228816,113.9944550661,WGS84
1988S0043,1988-05-27,1988-05-28,Diatom,Cyclotella spp.,Tolo Harbour,22.4436331285727,114.222293363462,WGS84
1988S0044,1988-05-31,1988-06-05,Dinoflagellates,Prorocentrum triestinum,Tolo Harbour,22.4436331285727,114.222293363462,WGS84
1988S0045,1988-06-06,1988-06-11,Dinoflagellates,Ceratium furca,Tolo Harbour and Tolo Channel,22.4723192011877,114.300599707838,WGS84
1988S0045,1988-06-06,1988-06-11,Diatom,Nitzschia incerta,Tolo Harbour and Tolo Channel,22.4723192011877,114.300599707838,WGS84
1988S0046,1988-06-10,1988-06-11,Dinoflagellates,Noctiluca scintillans,"Repulse Bay Beach and Turtle Cove Beach, Hong Kong Island",22.2363514493101,114.195408918907,WGS84
1988S0047,1988-06-14,1988-06-21,Dinoflagellates,Prorocentrum sigmoides,Tolo Harbour,22.4436331285727,114.222293363462,WGS84
1988S0047,1988-06-14,1988-06-21,Dinoflagellates,Ceratium furca,Tolo Harbour,22.4436331285727,114.222293363462,WGS84
1988S0048,1988-06-15,1988-06-24,Dinoflagellates,Ceratium furca,Tolo Channel,22.4817484732891,114.313125219999,WGS84
1988S0049,1988-06-21,1988-06-25,Dinoflagellates,Prorocentrum minimum,Tolo Harbour,22.4436331285727,114.222293363462,WGS84
1988S0049,1988-06-21,1988-06-25,Dinoflagellates,Prorocentrum sigmoides,Tolo Harbour,22.4436331285727,114.222293363462,WGS84
1988S0050,1988-06-22,1988-06-25,Dinoflagellates,Ceratium furca,Hau Tze Kok to Port Island,22.4865907681369,114.352873934243,WGS84
1988S0051,1988-06-24,1988-06-25,Others,Undetermined sp.,Tung Ping Chau,22.5408351879443,114.422516966563,WGS84
1988S0052,1988-06-24,1988-06-25,Dinoflagellates,Gonyaulax polygramma,"Port Shelter (Ngau Mei Hoi), Sai Kung",22.3442848112631,114.288800994762,WGS84
1988S0053,1988-06-27,1988-06-28,Dinoflagellates,Gonyaulax polygramma,Leung Shuen Wan Fish Culture Zone,22.3490665389581,114.35257804742,WGS84
1988S0054,1988-06-28,1988-06-29,Diatom,Chaetoceros spp.,Tolo Harbour,22.4402940423931,114.210163406865,WGS84
1988S0055,1988-07-04,1988-07-13,Dinoflagellates,Prorocentrum sigmoides,Yim Tin Tsai Fish Culture Zone,22.4542479248503,114.207795413943,WGS84
1988S0056,1988-07-07,1988-07-08,Dinoflagellates,Prorocentrum sigmoides,Yung Shue Au Fish Culture Zone,22.4234162133539,114.277658067072,WGS84
1988S0057,1988-07-22,1988-07-23,Diatom,Pseudo-nitzschia pseudodelicatissima,Tolo Harbour,22.4436331285727,114.222293363462,WGS84
1988S0057,1988-07-22,1988-07-23,Diatom,Leptocylindrus minimus,Tolo Harbour,22.4436331285727,114.222293363462,WGS84
1988S0058,1988-07-23,1988-07-24,Diatom,Chaetoceros spp.,Tolo Harbour,22.4436331285727,114.222293363462,WGS84
1988S0058,1988-07-23,1988-07-24,Diatom,Leptocylindrus minimus,Tolo Harbour,22.4436331285727,114.222293363462,WGS84
1988S0059,1988-07-24,1988-07-25,Others,Undetermined sp.,Victoria Harbour,22.2892996813834,114.170044325348,WGS84
1988S0060,1988-07-25,1988-07-26,Diatom,Pseudo-nitzschia pseudodelicatissima,Aberdeen,22.2463035134265,114.152441353339,WGS84
1988S0061,1988-08-05,1988-08-06,Dinoflagellates,Ceratium furca,Tolo Channel,22.4819011920806,114.313363898534,WGS84
1988S0062,1988-08-22,1988-08-23,Diatom,Skeletonema costatum,Tolo Harbour to Lo Fu Wat,22.4468200279783,114.249638507658,WGS84
1988S0064,1988-08-23,1988-08-24,Diatom,Skeletonema costatum,"Tai Tam Bay, Hong Kong Island",22.2218380568178,114.227667212047,WGS84
1988S0064,1988-08-23,1988-08-24,Diatom,Pseudo-nitzschia pseudodelicatissima,"Tai Tam Bay, Hong Kong Island",22.2218380568178,114.227667212047,WGS84
1988S0063,1988-08-23,1988-08-24,Diatom,Skeletonema costatum,Victoria Harbour,22.2899846877373,114.171687498677,WGS84
1988S0065,1988-08-25,1988-08-26,Diatom,Skeletonema costatum,Aberdeen to Magazine Island,22.2458411875354,114.146386437213,WGS84
1988S0066,1988-08-31,1988-09-02,Dinoflagellates,Scrippsiella trochoidea,"Port Shelter (Ngau Mei Hoi), Sai Kung",22.3552586836193,114.264771390968,WGS84
1988S0066,1988-08-31,1988-09-02,Dinoflagellates,Karenia mikimotoi,"Port Shelter (Ngau Mei Hoi), Sai Kung",22.3552586836193,114.264771390968,WGS84
1988S0067,1988-09-06,1988-09-11,Diatom,Skeletonema costatum,Victoria Harbour,22.2903754850595,114.165171205005,WGS84
1988S0068,1988-09-07,1988-09-09,Diatom,Skeletonema costatum,Aberdeen,22.2463102123313,114.151775791145,WGS84
1988S0069,1988-09-28,1988-09-29,Diatom,Dactyliosolen fragilissimus,Tolo Harbour,22.4436331285727,114.222293363462,WGS84
1988S0070,1988-10-04,1988-10-05,Diatom,Chaetoceros spp.,Tolo Harbour,22.4436331285727,114.222293363462,WGS84
1988S0072,1988-10-12,1988-10-19,Dinoflagellates,Prorocentrum minimum,Tolo Harbour,22.4479383092457,114.196851832574,WGS84
1988S0072,1988-10-12,1988-10-19,Dinoflagellates,Prorocentrum triestinum,Tolo Harbour,22.4479383092457,114.196851832574,WGS84
1988S0071,1988-10-12,1988-10-13,Dinoflagellates,Ceratium furca,Tolo Channel,22.4497893416089,114.255833854316,WGS84
1988S0073,1988-10-17,1988-10-18,Dinoflagellates,Ceratium furca,Tap Mun Fish Culture Zone,22.4712940624665,114.356442566486,WGS84
1988S0073,1988-10-17,1988-10-18,Dinoflagellates,Prorocentrum minimum,Tap Mun Fish Culture Zone,22.4712940624665,114.356442566486,WGS84
1988S0074,1988-10-18,1988-10-19,Dinoflagellates,Noctiluca scintillans,"Castle Peak Beach, Tuen Mun",22.3787062708825,113.980155148193,WGS84
1988S0076,1988-10-20,1988-10-21,Dinoflagellates,Ceratium furca,Kat O Fish Culture Zone,22.549724182846,114.289410351792,WGS84
1988S0076,1988-10-20,1988-10-21,Dinoflagellates,Prorocentrum spp.,Kat O Fish Culture Zone,22.549724182846,114.289410351792,WGS84
1988S0075,1988-10-20,1988-10-21,Dinoflagellates,Ceratium furca,"Port Shelter (Ngau Mei Hoi), Sai Kung",22.3442848112631,114.288800994762,WGS84
1988S0077,1988-10-22,1988-10-23,Others,Undetermined sp.,"Repulse Bay Beach, Hong Kong Island",22.2358958902674,114.195461909277,WGS84
1988S0078,1988-11-04,1988-11-11,Diatom,Leptocylindrus minimus,Tolo Harbour,22.4441311438287,114.198383991729,WGS84
1988S0078,1988-11-04,1988-11-11,Diatom,Dactyliosolen fragilissimus,Tolo Harbour,22.4441311438287,114.198383991729,WGS84
1988S0079,1988-12-08,1988-12-09,Dinoflagellates,Noctiluca scintillans,Kat O Fish Culture Zone,22.549724182846,114.289410351792,WGS84
1988S0080,1988-12-14,1988-12-15,Dinoflagellates,Noctiluca scintillans,Tai Tau Chau North,22.3769740618976,114.324754251928,WGS84
1988S0081,1988-12-20,1988-12-21,Dinoflagellates,Noctiluca scintillans,Ap Chau Fish Culture Zone,22.5508857574074,114.268905502273,WGS84
1988S0082,1988-12-20,1988-12-21,Dinoflagellates,Noctiluca scintillans,Double Haven (Yan Chau Tong),22.520828459052,114.296378686413,WGS84
1988S0085,1988-12-20,1988-12-23,Dinoflagellates,Noctiluca scintillans,Tap Mun Fish Culture Zone,22.4712940624665,114.356442566486,WGS84
1988S0084,1988-12-20,1988-12-21,Dinoflagellates,Prorocentrum triestinum,Tolo Harbour,22.4436331285727,114.222293363462,WGS84
1988S0083,1988-12-20,1988-12-21,Dinoflagellates,Noctiluca scintillans,Ma Wan,22.3452237274124,114.066947188192,WGS84
1988S0084,1988-12-20,1988-12-21,Dinoflagellates,Prorocentrum minimum,Tolo Harbour,22.4436331285727,114.222293363462,WGS84
1988S0087,1988-12-21,1988-12-25,Dinoflagellates,Noctiluca scintillans,Lantau Island (Southwest),22.2443622759831,114.088240546513,WGS84
1988S0086,1988-12-21,1988-12-22,Dinoflagellates,Noctiluca scintillans,Yim Tin Tsai (East) Fish Culture Zone,22.4545560428212,114.221939447379,WGS84
1988S0088,1988-12-28,1988-12-30,Dinoflagellates,Prorocentrum minimum,Tolo Harbour,22.4436331285727,114.222293363462,WGS84
1989S0001,1989-01-09,1989-01-10,Dinoflagellates,Noctiluca scintillans,Tung Ping Chau,22.539431330162,114.424466716507,WGS84
1989S0002,1989-01-11,1989-01-12,Dinoflagellates,Prorocentrum minimum,Tolo Harbour,22.4469245831132,114.193197875767,WGS84
1989S0003,1989-01-19,1989-01-20,Dinoflagellates,Noctiluca scintillans,Kau Lau Wan Fish Culture Zone,22.4584835086808,114.360111656222,WGS84
1989S0004,1989-01-20,1989-01-27,Diatom,Skeletonema costatum,Tolo Harbour,22.4391209375178,114.242825738186,WGS84
1989S0006,1989-01-30,1989-02-01,Dinoflagellates,Noctiluca scintillans,Tolo Harbour,22.4451569244013,114.244387208592,WGS84
1989S0005,1989-01-30,1989-02-02,Dinoflagellates,Noctiluca scintillans,Tolo Channel,22.4542904716947,114.268368172677,WGS84
1989S0007,1989-01-31,1989-03-04,Others,Heterosigma akashiwo,Tolo Harbour,22.4328941278863,114.214982716203,WGS84
1989S0008,1989-02-06,1989-02-07,Others,Undetermined sp.,"Hoi Ha Wan, Sai Kung",22.4666190307851,114.332356779989,WGS84
1989S0009,1989-02-18,1989-02-19,Dinoflagellates,Noctiluca scintillans,Double Haven (Yan Chau Tong),22.5217183275964,114.296477040907,WGS84
1989S0010,1989-02-18,1989-02-19,Dinoflagellates,Noctiluca scintillans,Tung Ping Chau,22.5408351879443,114.422516966563,WGS84
1989S0011,1989-02-20,1989-02-21,Others,Undetermined sp.,"Hebe Haven (Pak Sha Wan), Sai Kung",22.3633996678861,114.264163300116,WGS84
1989S0012,1989-03-10,1989-03-22,Dinoflagellates,Alexandrium catenella,Junk Bay (Tseung Kwan O),22.2684106394698,114.259728331006,WGS84
1989S0013,1989-03-13,1989-03-14,Others,Undetermined sp.,Yim Tin Tsai Fish Culture Zone,22.453876420357,114.205350514436,WGS84
1989S0014,1989-03-15,1989-03-16,Diatom,Thalassiosira mala,Tolo Harbour,22.443634949892,114.222335476795,WGS84
1989S0015,1989-03-19,1989-03-20,Dinoflagellates,Noctiluca scintillans,Kau Lau Wan Fish Culture Zone,22.458142285139,114.359905315332,WGS84
1989S0016,1989-03-21,1989-03-24,Dinoflagellates,Noctiluca scintillans,Tolo Harbour,22.4436331285727,114.222293363462,WGS84
1989S0017,1989-03-29,1989-03-30,Dinoflagellates,Prorocentrum triestinum,Tolo Harbour,22.421466338153,114.220996505231,WGS84
1989S0018,1989-04-11,1989-04-17,Dinoflagellates,Gonyaulax polygramma,Tolo Channel,22.481778601221,114.315073952468,WGS84
1989S0019,1989-04-19,1989-04-20,Dinoflagellates,Prorocentrum triestinum,Tolo Harbour,22.4440845288081,114.186063523223,WGS84
1989S0020,1989-04-21,1989-04-22,Dinoflagellates,Gonyaulax polygramma,Sham Wan Fish Culture Zone,22.44007776633,114.353152842604,WGS84
1989S0021,1989-04-22,1989-04-23,Dinoflagellates,Gonyaulax polygramma,Round Island,22.5402510793877,114.327697112045,WGS84
1989S0022,1989-05-29,1989-06-04,Dinoflagellates,Prorocentrum triestinum,Tolo Harbour,22.4420453723245,114.196750111973,WGS84
1989S0022,1989-05-29,1989-06-04,Diatom,Skeletonema costatum,Tolo Harbour,22.4420453723245,114.196750111973,WGS84
1989S0022,1989-05-29,1989-06-04,Dinoflagellates,Prorocentrum minimum,Tolo Harbour,22.4420453723245,114.196750111973,WGS84
1989S0023,1989-06-15,1989-06-16,Diatom,Skeletonema costatum,Victoria Harbour,22.2964102417993,114.216264594376,WGS84
1989S0024,1989-06-30,1989-07-01,Others,Undetermined sp.,"Tung Wan, Cheung Chau",22.2105220655568,114.034134047831,WGS84
1989S0025,1989-07-02,1989-07-03,Others,Undetermined sp.,"Deep Water Bay, Hong Kong Island",22.2406261413184,114.182669684165,WGS84
1989S0026,1989-07-03,1989-07-04,Diatom,Skeletonema costatum,Junk Bay (Tseung Kwan O),22.2890585295488,114.256486669775,WGS84
1989S0027,1989-07-12,1989-07-13,Diatom,Skeletonema costatum,Victoria Harbour,22.2955884530923,114.215067025095,WGS84
1989S0028,1989-07-20,1989-07-21,Diatom,Dactyliosolen fragilissimus,Tolo Harbour,22.4443889055998,114.222067346037,WGS84
1989S0028,1989-07-20,1989-07-21,Diatom,Leptocylindrus minimus,Tolo Harbour,22.4443889055998,114.222067346037,WGS84
1989S0029,1989-08-07,1989-08-08,Diatom,Thalassiosira spp.,Junk Bay (Tseung Kwan O),22.2974153696564,114.258992134586,WGS84
1989S0030,1989-08-30,1989-08-31,Diatom,Leptocylindrus danicus,Tolo Harbour,22.4443889055998,114.222067346037,WGS84
1989S0031,1989-08-31,1989-09-01,Diatom,Thalassiosira pseudonana,Tolo Harbour,22.4443889055998,114.222067346037,WGS84
1989S0032,1989-10-11,1989-10-12,Diatom,Thalassiosira nordenskioeldii,Tolo Harbour,22.4436331285727,114.222293363462,WGS84
1989S0033,1989-10-26,1989-10-27,Others,Heterosigma akashiwo,Tolo Harbour,22.4436331285727,114.222293363462,WGS84
1989S0034,1989-10-29,1989-10-31,Diatom,Skeletonema costatum,"Clear Water Bay, Sai Kung",22.2843243965088,114.293846453153,WGS84
1989S0035,1989-11-27,1989-11-28,Others,Mesodinium rubrum,"Tai Tam Bay, Hong Kong Island",22.2224960225756,114.226622535653,WGS84
1989S0036,1989-12-06,1989-12-07,Diatom,Odontella mobiliensis,Tolo Harbour,22.4436331285727,114.222293363462,WGS84
1989S0037,1989-12-08,1989-12-09,Diatom,Skeletonema costatum,Junk Bay (Tseung Kwan O),22.2890585295488,114.256486669775,WGS84
1989S0038,1989-12-12,1989-12-13,Dinoflagellates,Prorocentrum minimum,Tolo Harbour,22.4436331285727,114.222293363462,WGS84
1989S0039,1989-12-17,1989-12-18,Others,Undetermined sp.,Tolo Harbour,22.4436331285727,114.222293363462,WGS84
1990S0001,1990-01-02,1990-01-03,Dinoflagellates,Heterocapsa circularisquama,Yim Tin Tsai (East) Fish Culture Zone,22.4542788144269,114.221852590097,WGS84
1990S0002,1990-01-08,1990-01-09,Dinoflagellates,Noctiluca scintillans,Kat O Fisheries Research Station,22.5365981421075,114.302904690136,WGS84
1990S0003,1990-01-12,1990-01-16,Dinoflagellates,Prorocentrum sigmoides,Tolo Harbour,22.4460682505204,114.185544419952,WGS84
1990S0003,1990-01-12,1990-01-16,Dinoflagellates,Prorocentrum minimum,Tolo Harbour,22.4460682505204,114.185544419952,WGS84
1990S0004,1990-01-18,1990-01-19,Dinoflagellates,Prorocentrum minimum,Yung Shue Au Fish Culture Zone,22.4234162133539,114.277658067072,WGS84
1990S0005,1990-02-07,1990-02-08,Dinoflagellates,Noctiluca scintillans,Kat O Fisheries Research Station,22.5364280938268,114.303109455555,WGS84
1990S0007,1990-02-08,1990-02-09,Dinoflagellates,Noctiluca scintillans,Tolo Harbour,22.4436331285727,114.222293363462,WGS84
1990S0006,1990-02-08,1990-02-09,Dinoflagellates,Noctiluca scintillans,Sham Wan Fish Culture Zone,22.44007776633,114.353152842604,WGS84
1990S0008,1990-02-09,1990-03-03,Dinoflagellates,Prorocentrum sigmoides,Tolo Harbour and Tolo Channel,22.4817706407252,114.315079454233,WGS84
1990S0008,1990-02-09,1990-03-03,Dinoflagellates,Prorocentrum minimum,Tolo Harbour and Tolo Channel,22.4817706407252,114.315079454233,WGS84
1990S0009,1990-02-14,1990-02-17,Dinoflagellates,Noctiluca scintillans,Kat O Fisheries Research Station,22.5365981421075,114.302904690136,WGS84
1990S0010,1990-03-14,1990-03-15,Diatom,Skeletonema costatum,Yim Tin Tsai to Lo Fu Wat,22.4517642761003,114.25437349389,WGS84
1990S0011,1990-03-19,1990-03-24,Dinoflagellates,Prorocentrum minimum,Tolo Harbour,22.446203685114,114.184747613352,WGS84
1990S0012,1990-03-21,1990-03-22,Dinoflagellates,Noctiluca scintillans,Tolo Harbour,22.4436331285727,114.222293363462,WGS84
1990S0013,1990-03-24,1990-04-09,Dinoflagellates,Noctiluca scintillans,Southern Beaches,22.2358870947389,114.195458765247,WGS84
1990S0014,1990-03-28,1990-03-29,Dinoflagellates,Noctiluca scintillans,Yung Shue Au Fish Culture Zone,22.4223924404052,114.278015381978,WGS84
1990S0015,1990-04-01,1990-04-02,Dinoflagellates,Prorocentrum sigmoides,"Tso Wo Hang, Inner Port Shelter",22.3930783164023,114.288092947373,WGS84
1990S0016,1990-04-06,1990-04-07,Dinoflagellates,Noctiluca scintillans,Sok Kwu Wan Pier,22.2059161096638,114.131047534722,WGS84
1990S0017,1990-04-09,1990-04-20,Dinoflagellates,Prorocentrum sigmoides,Tolo Harbour and Tolo Channel,22.4817706407252,114.315079454233,WGS84
1990S0018,1990-04-20,1990-04-21,Dinoflagellates,Noctiluca scintillans,"Silverstrand Bay, Sai Kung",22.3232595182109,114.273901579974,WGS84
1990S0019,1990-04-21,1990-04-22,Dinoflagellates,Noctiluca scintillans,"Turtle Cove Beach, Hong Kong Island",22.2323619896757,114.223527619083,WGS84
1990S0020,1990-04-30,1990-05-01,Dinoflagellates,Noctiluca scintillans,Tolo Harbour and Tolo Channel,22.478010801274,114.309573566739,WGS84
1990S0020,1990-04-30,1990-05-01,Diatom,Skeletonema costatum,Tolo Harbour and Tolo Channel,22.478010801274,114.309573566739,WGS84
1990S0021,1990-05-03,1990-05-04,Others,Undetermined sp.,"Cheung Sha Beach, Lantau Island",22.2303356521055,113.949346935329,WGS84
1990S0022,1990-05-05,1990-05-06,Dinoflagellates,Noctiluca scintillans,Tolo Harbour,22.4436331285727,114.222293363462,WGS84
1990S0023,1990-05-09,1990-05-12,Dinoflagellates,Gonyaulax polygramma,Tolo Harbour and Tolo Channel,22.4817706407252,114.315079454233,WGS84
1990S0024,1990-05-12,1990-05-13,Dinoflagellates,Noctiluca scintillans,"Basalt Island, Sai Kung",22.3154107335289,114.370821703766,WGS84
1990S0025,1990-05-12,1990-05-13,Dinoflagellates,Noctiluca scintillans,"Chung Hom Kok Beach, Hong Kong Island",22.2176312648375,114.201174350433,WGS84
1990S0026,1990-05-14,1990-05-17,Diatom,Skeletonema costatum,Tolo Harbour,22.4436331285727,114.222293363462,WGS84
1990S0027,1990-06-06,1990-06-15,Dinoflagellates,Prorocentrum sigmoides,Tolo Harbour,22.4436331285727,114.222293363462,WGS84
1990S0028,1990-07-05,1990-07-06,Others,Undetermined sp.,Aberdeen,22.233008881436,114.164957994439,WGS84
1990S0029,1990-07-09,1990-07-10,Diatom,Thalassiosira nordenskioeldii,Ma Wan to Green Island,22.3053261961019,114.095969607075,WGS84
1990S0030,1990-07-29,1990-07-30,Others,Undetermined sp.,East Lamma Channel,22.2191022239301,114.160238383258,WGS84
1990S0031,1990-08-07,1990-08-08,Diatom,Thalassiosira mala,"Shek O Beach, Hong Kong Island",22.2285328611996,114.251875405963,WGS84
1990S0032,1990-08-23,1990-08-25,Dinoflagellates,Noctiluca scintillans,Southern Beaches,22.2361223845687,114.195182572783,WGS84
1990S0033,1990-08-25,1990-08-27,Dinoflagellates,Noctiluca scintillans,"Clear Water Bay to Silverstrand Bay, Sai Kung",22.2900438527036,114.309943018466,WGS84
1990S0034,1990-09-27,1990-09-28,Dinoflagellates,Heterocapsa circularisquama,Yim Tin Tsai (East) Fish Culture Zone,22.4547456504446,114.222437741619,WGS84
1990S0035,1990-09-27,1990-09-28,Dinoflagellates,Ceratium furca,Tolo Channel,22.481778601221,114.315073952468,WGS84
1990S0036,1990-12-21,1990-12-22,Dinoflagellates,Noctiluca scintillans,"Hoi Ha Wan, Sai Kung",22.4666190307851,114.332356779989,WGS84
1991S0001,1991-01-30,1991-01-31,Diatom,Thalassiosira mala,Tolo Harbour,22.4436331285727,114.222293363462,WGS84
1991S0002,1991-02-06,1991-02-07,Dinoflagellates,Noctiluca scintillans,Kat O Fisheries Research Station,22.5365981421075,114.302904690136,WGS84
1991S0003,1991-03-04,1991-03-05,Dinoflagellates,Noctiluca scintillans,Ting Kau Beach,22.3682685126049,114.080836374464,WGS84
1991S0004,1991-03-05,1991-03-06,Dinoflagellates,Noctiluca scintillans,"Chi Ma Wan Beach, Lantau Island",22.2416027435052,113.995412705753,WGS84
1991S0006,1991-03-09,1991-03-10,Dinoflagellates,Noctiluca scintillans,"Shek O Beach, Hong Kong Island",22.2285328611996,114.251875405963,WGS84
1991S0007,1991-03-09,1991-03-10,Others,Undetermined sp.,Green Island,22.2877055943224,114.11025349123,WGS84
1991S0005,1991-03-09,1991-03-10,Dinoflagellates,Noctiluca scintillans,"Deep Water Bay, Hong Kong Island",22.2402970193189,114.182106672236,WGS84
1991S0008,1991-03-20,1991-03-21,Dinoflagellates,Noctiluca scintillans,Port Shelter near The Hong Kong University of Science and Technology,22.3395089609283,114.268804146882,WGS84
1991S0009,1991-03-20,1991-03-21,Others,Undetermined sp.,Tung Ping Chau to Mirs Bay,22.5439420482326,114.401501700384,WGS84
1991S0012,1991-03-21,1991-03-22,Others,Chattonella ovata,Kat O Fisheries Research Station,22.5365981421075,114.302904690136,WGS84
1991S0011,1991-03-21,1991-03-22,Dinoflagellates,Alexandrium tamarense,"Hap Mun Bay, Sai Kung",22.3560021231158,114.294811921008,WGS84
1991S0011,1991-03-21,1991-03-22,Dinoflagellates,Noctiluca scintillans,"Hap Mun Bay, Sai Kung",22.3560021231158,114.294811921008,WGS84
1991S0010,1991-03-21,1991-03-22,Dinoflagellates,Noctiluca scintillans,"Clear Water Bay, Sai Kung",22.2836991132103,114.295245651305,WGS84
1991S0013,1991-04-10,1991-04-11,Dinoflagellates,Noctiluca scintillans,Kat O Fisheries Research Station,22.5365981421075,114.302904690136,WGS84
1991S0014,1991-04-23,1991-04-24,Dinoflagellates,Noctiluca scintillans,Kat O Fisheries Research Station,22.5365981421075,114.302904690136,WGS84
1991S0015,1991-05-08,1991-05-09,Diatom,Skeletonema costatum,Tolo Harbour,22.4436331285727,114.222293363462,WGS84
1991S0016,1991-05-08,1991-05-09,Dinoflagellates,Ceratium furca,Tolo Channel,22.481778601221,114.315073952468,WGS84
1991S0016,1991-05-08,1991-05-09,Diatom,Skeletonema costatum,Tolo Channel,22.481778601221,114.315073952468,WGS84
1991S0017,1991-05-24,1991-05-25,Diatom,Chaetoceros curvisetus,Tung Lung Chau Fish Culture Zone,22.2558400602307,114.284729767617,WGS84
1991S0018,1991-06-01,1991-06-02,Others,Undetermined sp.,"Castle Peak Bay, Tuen Mun",22.3688083967331,113.980743313636,WGS84
1991S0019,1991-10-24,1991-10-25,Diatom,Guinardia striata,Tolo Harbour,22.4436331285727,114.222293363462,WGS84
1991S0019,1991-10-24,1991-10-25,Diatom,Leptocylindrus minimus,Tolo Harbour,22.4436331285727,114.222293363462,WGS84
1991S0019,1991-10-24,1991-10-25,Diatom,Thalassiosira nordenskioeldii,Tolo Harbour,22.4436331285727,114.222293363462,WGS84
1991S0020,1991-11-03,1991-11-04,Others,Mesodinium rubrum,"Tai Tam Bay, Hong Kong Island",22.2213085084269,114.228061148251,WGS84
1991S0022,1991-11-07,1991-11-08,Others,Mesodinium rubrum,Port Shelter from HKUST to Ma Nam Wat,22.3440381145028,114.270892848591,WGS84
1991S0021,1991-11-07,1991-11-08,Diatom,Leptocylindrus minimus,Tolo Harbour,22.4436331285727,114.222293363462,WGS84
1991S0023,1991-11-09,1991-11-12,Others,Undetermined sp.,"Turtle Cove Beach, Hong Kong Island",22.2323619896757,114.223527619083,WGS84
1991S0024,1991-11-22,1991-11-23,Dinoflagellates,Heterocapsa circularisquama,Tolo Harbour,22.4436331285727,114.222293363462,WGS84
1991S0025,1991-12-04,1991-12-05,Dinoflagellates,Heterocapsa circularisquama,Starling Inlet (Sha Tau Kok Hoi),22.5348466838985,114.220249562559,WGS84
1992S0001,1992-01-24,1992-01-25,Others,Mesodinium rubrum,Ninepin Group,22.2581494601031,114.344681003611,WGS84
1992S0002,1992-02-27,1992-02-28,Diatom,Skeletonema costatum,Tolo Harbour,22.4462947822127,114.192176536179,WGS84
1992S0003,1992-03-16,1992-03-17,Dinoflagellates,Noctiluca scintillans,Port Shelter near Kiu Tsui,22.3668797763723,114.285465343862,WGS84
1992S0004,1992-03-25,1992-03-26,Dinoflagellates,Noctiluca scintillans,Kat O Fisheries Research Station,22.5365981421075,114.302904690136,WGS84
1992S0005,1992-04-16,1992-04-17,Others,Dictyocha octonaria,Hau Tze Kok,22.4806081191565,114.352321481711,WGS84
1992S0006,1992-04-18,1992-04-19,Others,Undetermined sp.,Tolo Harbour near Yuen Chau Tsai,22.4471825431082,114.178729832492,WGS84
1992S0007,1992-04-21,1992-04-22,Dinoflagellates,Noctiluca scintillans,Kat O Fisheries Research Station,22.5365981421075,114.302904690136,WGS84
1992S0008,1992-04-21,1992-04-29,Dinoflagellates,Noctiluca scintillans,Junk Bay to Port Shelter,22.2651917343408,114.264566706917,WGS84
1992S0009,1992-04-22,1992-04-23,Others,Undetermined sp.,"Tai Tam Bay, Hong Kong Island",22.2218380568178,114.227667212047,WGS84
1992S0010,1992-04-25,1992-04-29,Dinoflagellates,Noctiluca scintillans,Southern Beaches,22.2358870947389,114.195458765247,WGS84
1992S0011,1992-05-13,1992-05-14,Others,Undetermined sp.,Tolo Channel,22.481778601221,114.315073952468,WGS84
1992S0012,1992-05-21,1992-05-22,Diatom,Cerataulina pelagica,Tolo Harbour,22.4436331285727,114.222293363462,WGS84
1992S0013,1992-06-18,1992-06-19,Diatom,Skeletonema costatum,Tolo Harbour,22.4436331285727,114.222293363462,WGS84
1992S0013,1992-06-18,1992-06-19,Diatom,Thalassiosira mala,Tolo Harbour,22.4436331285727,114.222293363462,WGS84
1992S0013,1992-06-18,1992-06-19,Diatom,Leptocylindrus minimus,Tolo Harbour,22.4436331285727,114.222293363462,WGS84
1992S0014,1992-07-10,1992-07-31,Diatom,Dactyliosolen fragilissimus,Tolo Harbour and Tolo Channel,22.4817706407252,114.315079454233,WGS84
1992S0015,1992-07-15,1992-07-17,Diatom,Dactyliosolen fragilissimus,"Port Shelter (Ngau Mei Hoi), Sai Kung",22.3442848112631,114.288800994762,WGS84
1992S0016,1992-07-21,1992-07-22,Diatom,Thalassiosira pseudonana,Yim Tin Tsai and Yim Tin Tsai (East) Fish Culture Zones,22.4544402183019,114.222389813107,WGS84
1992S0017,1992-08-25,1992-08-26,Diatom,Leptocylindrus danicus,Lo Fu Wat and Yung Shue Au Fish Culture Zones,22.4234743074381,114.27774312845,WGS84
1992S0017,1992-08-25,1992-08-26,Diatom,Dactyliosolen fragilissimus,Lo Fu Wat and Yung Shue Au Fish Culture Zones,22.4234743074381,114.27774312845,WGS84
1992S0018,1992-12-18,1992-12-19,Dinoflagellates,Noctiluca scintillans,Tolo Harbour and Tolo Channel,22.4817706407252,114.315079454233,WGS84
1992S0018,1992-12-18,1992-12-19,Diatom,Odontella sinensis,Tolo Harbour and Tolo Channel,22.4817706407252,114.315079454233,WGS84
1992S0019,1992-12-19,1992-12-21,Others,Undetermined sp.,Long Harbour (Tai Tan Hoi),22.446060941105,114.347213844843,WGS84
1993S0001,1993-01-01,1993-01-05,Dinoflagellates,Heterocapsa circularisquama,Starling Inlet (Sha Tau Kok Hoi),22.5348466838985,114.220249562559,WGS84
1993S0002,1993-02-16,1993-02-17,Dinoflagellates,Noctiluca scintillans,Tolo Harbour,22.4439820006432,114.221554914035,WGS84
1993S0003,1993-03-25,1993-03-26,Dinoflagellates,Noctiluca scintillans,"Turtle Cove Beach, Hong Kong Island",22.2323619896757,114.223527619083,WGS84
1993S0004,1993-03-25,1993-03-26,Dinoflagellates,Alexandrium tamarense,"Clear Water Bay, Sai Kung",22.2836991132103,114.295245651305,WGS84
1993S0004,1993-03-25,1993-03-26,Dinoflagellates,Noctiluca scintillans,"Clear Water Bay, Sai Kung",22.2836991132103,114.295245651305,WGS84
1993S0005,1993-04-20,1993-04-21,Dinoflagellates,Noctiluca scintillans,"Silverstrand Beach, Sai Kung",22.3229383978159,114.272430693211,WGS84
1993S0006,1993-05-13,1993-05-14,Dinoflagellates,Gonyaulax polygramma,Tolo Channel,22.481778601221,114.315073952468,WGS84
1993S0007,1993-05-14,1993-05-15,Others,Undetermined sp.,"Deep Water Bay, Hong Kong Island",22.2402970193189,114.182106672236,WGS84
1993S0008,1993-05-23,1993-05-24,Others,Undetermined sp.,Tolo Harbour,22.4436331285727,114.222293363462,WGS84
1993S0009,1993-06-12,1993-06-13,Others,Undetermined sp.,Mirs Bay,22.5446295942264,114.405502975268,WGS84
1993S0010,1993-06-21,1993-06-22,Dinoflagellates,Noctiluca scintillans,"Silverstrand Beach, Sai Kung",22.3229383978159,114.272430693211,WGS84
1993S0010,1993-06-21,1993-06-22,Diatom,Chaetoceros spp.,"Silverstrand Beach, Sai Kung",22.3229383978159,114.272430693211,WGS84
1994S0001,1994-01-10,1994-01-11,Dinoflagellates,Noctiluca scintillans,"Silverstrand Beach, Sai Kung",22.3229383978159,114.272430693211,WGS84
1994S0002,1994-01-11,1994-01-12,Dinoflagellates,Prorocentrum minimum,Shing Mun River,22.3971192370705,114.208420416755,WGS84
1994S0003,1994-01-18,1994-01-19,Dinoflagellates,Noctiluca scintillans,Kat O Fisheries Research Station,22.5365981421075,114.302904690136,WGS84
1994S0004,1994-01-27,1994-01-28,Diatom,Thalassiosira nordenskioeldii,Starling Inlet (Sha Tau Kok Hoi),22.5348466838985,114.220249562559,WGS84
1994S0005,1994-02-05,1994-02-06,Others,Undetermined sp.,"Cheung Sha, Lantau Island",22.2277524891854,113.952610903245,WGS84
1994S0006,1994-02-24,1994-02-25,Dinoflagellates,Noctiluca scintillans,Tolo Harbour near Yuen Chau Tsai,22.4471825431082,114.178729832492,WGS84
1994S0006,1994-02-24,1994-02-25,Others,Eutreptiella spp.,Tolo Harbour near Yuen Chau Tsai,22.4471825431082,114.178729832492,WGS84
1994S0007,1994-02-24,1994-02-25,Dinoflagellates,Noctiluca scintillans,Crooked Harbour and Double Haven,22.5409691972649,114.277698842409,WGS84
1994S0008,1994-03-14,1994-03-15,Others,Thalassomonas spp.,Shing Mun River,22.3971192370705,114.208420416755,WGS84
1994S0008,1994-03-14,1994-03-15,Others,Chlamydomonas spp.,Shing Mun River,22.3971192370705,114.208420416755,WGS84
1994S0009,1994-03-29,1994-03-30,Dinoflagellates,Prorocentrum triestinum,Tolo Harbour,22.4436331285727,114.222293363462,WGS84
1994S0009,1994-03-29,1994-03-30,Others,Eutreptiella spp.,Tolo Harbour,22.4436331285727,114.222293363462,WGS84
1994S0009,1994-03-29,1994-03-30,Dinoflagellates,Noctiluca scintillans,Tolo Harbour,22.4436331285727,114.222293363462,WGS84
1994S0010,1994-04-02,1994-04-03,Others,Undetermined sp.,Tung Ping Chau,22.5408351879443,114.422516966563,WGS84
1994S0011,1994-04-05,1994-04-06,Others,Undetermined sp.,Tolo Harbour,22.4409472667646,114.193496941849,WGS84
1994S0012,1994-04-06,1994-04-07,Dinoflagellates,Noctiluca scintillans,"Deep Water Bay, Hong Kong Island",22.2402970193189,114.182106672236,WGS84
1994S0013,1994-04-15,1994-04-16,Dinoflagellates,Gonyaulax polygramma,Tolo Harbour,22.4436331285727,114.222293363462,WGS84
1994S0014,1994-04-18,1994-04-19,Others,Heterosigma akashiwo,Shing Mun River,22.3973287844342,114.208633065372,WGS84
1994S0015,1994-05-10,1994-05-11,Dinoflagellates,Noctiluca scintillans,"Turtle Cove Beach, Hong Kong Island",22.2323619896757,114.223527619083,WGS84
1994S0016,1994-05-13,1994-05-14,Dinoflagellates,Gonyaulax polygramma,Tolo Harbour,22.4436331285727,114.222293363462,WGS84
1994S0017,1994-07-01,1994-07-02,Diatom,Pseudo-nitzschia pungens,Victoria Harbour,22.3266128487501,114.11795867293,WGS84
1994S0018,1994-07-19,1994-07-27,Dinoflagellates,Ceratium furca,"Tai Long Sai Wan, Sai Kung",22.3989385081385,114.373076961195,WGS84
1994S0019,1994-07-26,1994-07-30,Dinoflagellates,Ceratium furca,"Port Shelter (Ngau Mei Hoi), Sai Kung",22.3442848112631,114.288800994762,WGS84
1994S0020,1994-11-14,1994-11-15,Dinoflagellates,Prorocentrum minimum,Shatin Hoi,22.4164807494434,114.218635092859,WGS84
1995S0001,1995-01-18,1995-01-21,Dinoflagellates,Noctiluca scintillans,Kat O Fisheries Research Station,22.5365981421075,114.302904690136,WGS84
1995S0003,1995-01-19,1995-01-20,Dinoflagellates,Noctiluca scintillans,"Silverstrand Beach, Sai Kung",22.3229383978159,114.272430693211,WGS84
1995S0002,1995-01-19,1995-01-20,Dinoflagellates,Noctiluca scintillans,Yim Tin Tsai and Yung Shue Au Fish Culture Zones,22.4544234173682,114.20833525666,WGS84
1995S0004,1995-01-22,1995-01-23,Others,Undetermined sp.,"Port Shelter (Ngau Mei Hoi), Sai Kung",22.3442848112631,114.288800994762,WGS84
1995S0007,1995-02-08,1995-02-09,Dinoflagellates,Noctiluca scintillans,"Stanley Main Beach, Hong Kong Island",22.2208233250361,114.215130233064,WGS84
1995S0005,1995-02-08,1995-02-09,Dinoflagellates,Noctiluca scintillans,"Silverstrand Beach, Sai Kung",22.3229383978159,114.272430693211,WGS84
1995S0006,1995-02-08,1995-02-09,Dinoflagellates,Noctiluca scintillans,Tolo Channel,22.481778601221,114.315073952468,WGS84
1995S0008,1995-02-15,1995-02-17,Dinoflagellates,Gymnodinium sanguineum,"Lai Chi Wo and O Pui Tong, Crooked Harbour (Kat O Hoi)",22.5409445540771,114.277726685968,WGS84
1995S0009,1995-02-19,1995-02-20,Dinoflagellates,Noctiluca scintillans,Tolo Channel,22.481778601221,114.315073952468,WGS84
1995S0010,1995-02-24,1995-02-25,Dinoflagellates,Prorocentrum minimum,Tolo Harbour,22.4436331285727,114.222293363462,WGS84
1995S0011,1995-03-06,1995-03-17,Dinoflagellates,Prorocentrum minimum,Tolo Harbour,22.4436331285727,114.222293363462,WGS84
1995S0012,1995-03-15,1995-03-18,Dinoflagellates,Noctiluca scintillans,"Silverstrand Beach and Bayside Beach, Sai Kung",22.3229275317693,114.27243451976,WGS84
1995S0013,1995-03-23,1995-03-24,Dinoflagellates,Noctiluca scintillans,Kat O Fisheries Research Station,22.5365981421075,114.302904690136,WGS84
1995S0014,1995-03-24,1995-03-25,Dinoflagellates,Noctiluca scintillans,"Silverstrand Beach, Sai Kung",22.3229383978159,114.272430693211,WGS84
1995S0015,1995-03-24,1995-03-25,Diatom,Skeletonema costatum,Yim Tin Tsai Fish Culture Zone,22.4546027446948,114.208099010067,WGS84
1995S0016,1995-04-05,1995-04-09,Dinoflagellates,Noctiluca scintillans,"Silverstrand Beach and Clear Water Bay, Sai Kung",22.2837164651008,114.295277211962,WGS84
1995S0017,1995-04-06,1995-04-07,Dinoflagellates,Prorocentrum dentatum,"Hoi Ha Wan, Sai Kung",22.4666190307851,114.332356779989,WGS84
1995S0018,1995-04-10,1995-04-12,Others,Heterosigma akashiwo,Yim Tin Tsai Fish Culture Zone,22.4545791285488,114.208431512675,WGS84
1995S0019,1995-04-28,1995-05-06,Diatom,Eucampia zodiacus,Ma Wan to Tuen Mun and Chek Lap Kok,22.3537260050778,114.025029921362,WGS84
1995S0020,1995-05-10,1995-05-11,Dinoflagellates,Noctiluca scintillans,"Kwun Yam Wan Beach, Cheung Chau",22.2077015939198,114.03489311041,WGS84
1995S0021,1995-06-23,1995-06-29,Diatom,Skeletonema costatum,"Middle Bay, Hong Kong Island",22.2296703530286,114.196428154252,WGS84
1995S0022,1995-12-12,1995-12-13,Diatom,Pseudo-nitzschia pungens,Yim Tin Tsai Fish Culture Zone,22.4546266012555,114.208201735862,WGS84
1995S0023,1995-12-27,1996-01-24,Dinoflagellates,Heterocapsa circularisquama,Tolo Harbour,22.4436331285727,114.222293363462,WGS84
1996S0001,1996-01-25,1996-03-02,Dinoflagellates,Noctiluca scintillans,Hong Kong (Northeastern),22.5224051239387,114.339118710341,WGS84
1996S0002,1996-03-15,1996-03-24,Dinoflagellates,Noctiluca scintillans,"Clear Water Bay First and Second Beach and Silverstrand Beach, Sai Kung",22.2897921470196,114.291568557405,WGS84
1996S0003,1996-03-17,1996-03-19,Dinoflagellates,Noctiluca scintillans,"Turtle Cove Beach, Hong Kong Island",22.2323619896757,114.223527619083,WGS84
1996S0004,1996-04-16,1996-04-17,Dinoflagellates,Noctiluca scintillans,Kat O Fisheries Research Station and Sha Tau Kok Hoi,22.5365484384722,114.302617018256,WGS84
1996S0005,1996-04-17,1996-04-18,Others,Trichodesmium spp.,"Silverstrand Beach, Sai Kung",22.322835874078,114.272322651633,WGS84
1996S0005,1996-04-17,1996-04-18,Dinoflagellates,Noctiluca scintillans,"Silverstrand Beach, Sai Kung",22.322835874078,114.272322651633,WGS84
1996S0006,1996-04-26,1996-05-15,Dinoflagellates,Heterocapsa circularisquama,Tolo Harbour,22.4439820006432,114.221554914035,WGS84
1996S0007,1996-05-07,1996-05-08,Dinoflagellates,Noctiluca scintillans,"Silverstrand, Sai Kung",22.3235894985896,114.273700384142,WGS84
1996S0008,1996-05-14,1996-05-15,Dinoflagellates,Prorocentrum minimum,Yim Tin Tsai Fish Culture Zone,22.4537088928599,114.207867381726,WGS84
1996S0009,1996-05-24,1996-05-29,Diatom,Skeletonema costatum,Tolo Harbour,22.4436331285727,114.222293363462,WGS84
1996S0010,1996-05-30,1996-06-04,Others,Plagioselmis prolonga,Tolo Harbour,22.4436331285727,114.222293363462,WGS84
1996S0011,1996-06-04,1996-06-09,Others,Pedinomonadaceae spp.,Tolo Harbour,22.4436331285727,114.222293363462,WGS84
1996S0012,1996-06-18,1996-06-22,Diatom,Chaetoceros pseudocurvisetus,Tolo Harbour,22.4436331285727,114.222293363462,WGS84
1996S0013,1996-06-21,1996-06-25,Diatom,Dactyliosolen fragilissimus,Tolo Harbour,22.4436331285727,114.222293363462,WGS84
1996S0014,1996-06-25,1996-07-03,Diatom,Pseudo-nitzschia pseudodelicatissima,Hong Kong (Southwestern),22.1753981172847,113.873852725026,WGS84
1996S0015,1996-06-27,1996-07-05,Diatom,Chaetoceros spp.,Tolo Harbour,22.4436331285727,114.222293363462,WGS84
1996S0015,1996-06-27,1996-07-05,Diatom,Thalassiosira pseudonana,Tolo Harbour,22.4436331285727,114.222293363462,WGS84
1996S0016,1996-07-10,1996-07-18,Diatom,Dactyliosolen fragilissimus,Double Haven (Yan Chau Tong),22.5242000508329,114.296633184394,WGS84
1996S0017,1996-08-13,1996-08-14,Diatom,Leptocylindrus minimus,Yim Tin Tsai Fish Culture Zone,22.4545791285488,114.208431512675,WGS84
1996S0018,1996-09-29,1996-10-09,Dinoflagellates,Prorocentrum minimum,Tolo Harbour and Tolo Channel,22.4817706407252,114.315079454233,WGS84
1996S0019,1996-11-06,1996-11-16,Diatom,Thalassiosira mala,Tolo Harbour,22.4436331285727,114.222293363462,WGS84
1996S0019,1996-11-06,1996-11-16,Dinoflagellates,Heterocapsa circularisquama,Tolo Harbour,22.4436331285727,114.222293363462,WGS84
1996S0020,1996-11-29,1996-11-30,Others,Trichodesmium spp.,"Repulse Bay Beach and South Bay Beach, Hong Kong Island",22.2358795990311,114.1954608401,WGS84
1996S0021,1996-12-17,1996-12-18,Dinoflagellates,Noctiluca scintillans,"Silverstrand Beach, Sai Kung",22.3229383978159,114.272430693211,WGS84
1996S0022,1996-12-17,1996-12-18,Dinoflagellates,Noctiluca scintillans,Starling Inlet (Sha Tau Kok Hoi) and Crooked Harbour (Kat O Hoi),22.5408948792853,114.277681717693,WGS84
1996S0023,1996-12-30,1996-12-31,Dinoflagellates,Noctiluca scintillans,Yim Tin Tsai Fish Culture Zone,22.4546027446948,114.208099010067,WGS84
1996S0025,1996-12-31,1997-01-16,Dinoflagellates,Prorocentrum minimum,Shatin Hoi,22.4259887338523,114.219771283758,WGS84
1996S0024,1996-12-31,1997-01-01,Dinoflagellates,Noctiluca scintillans,Kat O Fisheries Research Station,22.5391761289661,114.303425493797,WGS84
1997S0001,1997-01-11,1997-01-12,Others,Undetermined sp.,"Stanley Main Beach, Hong Kong Island",22.2208233250361,114.215130233064,WGS84
1997S0002,1997-01-21,1997-01-22,Dinoflagellates,Noctiluca scintillans,Double Haven (Yan Chau Tong),22.5242000508329,114.296633184394,WGS84
1997S0003,1997-02-21,1997-02-22,Dinoflagellates,Noctiluca scintillans,Yim Tin Tsai Fish Culture Zone,22.4541058747309,114.210290577342,WGS84
1997S0004,1997-02-26,1997-02-27,Dinoflagellates,Noctiluca scintillans,"Silverstrand Beach, Sai Kung",22.3229383978159,114.272430693211,WGS84
1997S0006,1997-03-06,1997-03-07,Dinoflagellates,Noctiluca scintillans,Kat O Fisheries Research Station,22.5391761289661,114.303425493797,WGS84
1997S0005,1997-03-06,1997-03-07,Dinoflagellates,Noctiluca scintillans,Tap Mun Fish Culture Zone,22.4729028856069,114.356519750013,WGS84
1997S0007,1997-03-07,1997-03-08,Dinoflagellates,Noctiluca scintillans,"Tai Mei Tuk, Tai Po",22.4698748425247,114.230640733214,WGS84
1997S0008,1997-03-10,1997-03-11,Dinoflagellates,Noctiluca scintillans,Kat O Fisheries Research Station,22.5392577247627,114.303474329979,WGS84
1997S0009,1997-03-10,1997-03-13,Dinoflagellates,Prorocentrum minimum,Tolo Harbour,22.4436331285727,114.222293363462,WGS84
1997S0009,1997-03-10,1997-03-13,Dinoflagellates,Prorocentrum sigmoides,Tolo Harbour,22.4436331285727,114.222293363462,WGS84
1997S0009,1997-03-10,1997-03-13,Dinoflagellates,Karenia mikimotoi,Tolo Harbour,22.4436331285727,114.222293363462,WGS84
1997S0010,1997-03-12,1997-03-16,Dinoflagellates,Noctiluca scintillans,Southern Beaches,22.2358870947389,114.195458765247,WGS84
1997S0011,1997-03-14,1997-03-15,Dinoflagellates,Noctiluca scintillans,"Silverstrand Beach, Sai Kung",22.3229383978159,114.272430693211,WGS84
1997S0012,1997-04-17,1997-04-20,Dinoflagellates,Prorocentrum sigmoides,Yim Tin Tsai Fish Culture Zone,22.4546358655573,114.210100652718,WGS84
1997S0012,1997-04-17,1997-04-20,Dinoflagellates,Prorocentrum triestinum,Yim Tin Tsai Fish Culture Zone,22.4546358655573,114.210100652718,WGS84
1997S0012,1997-04-17,1997-04-20,Others,Heterosigma akashiwo,Yim Tin Tsai Fish Culture Zone,22.4546358655573,114.210100652718,WGS84
1997S0013,1997-05-01,1997-05-02,Others,Mesodinium rubrum,Tuen Mun near Tai Lam Kok,22.3536420777875,114.020280200636,WGS84
1997S0014,1997-05-09,1997-05-16,Dinoflagellates,Heterocapsa circularisquama,Tolo Harbour,22.4436331285727,114.222293363462,WGS84
1997S0015,1997-05-15,1997-05-16,Dinoflagellates,Heterocapsa rotundata,"Tuen Mun near Tai Lam Kok and Lido Beach, Tsuen Wan",22.3536550411515,114.020266225599,WGS84
1997S0016,1997-07-27,1997-07-28,Others,Mesodinium rubrum,"Pui O Beach, Lantau Island",22.2369987803613,113.9758622115,WGS84
1997S0017,1997-07-31,1997-08-04,Dinoflagellates,Prorocentrum minimum,Tolo Harbour near Yuen Chau Tsai,22.4471825431082,114.178729832492,WGS84
1997S0018,1997-10-29,1997-11-05,Others,Teleaulax acuta,Shing Mun River,22.3952158371771,114.206434177891,WGS84
1997S0019,1997-11-25,1997-11-26,Diatom,Thalassiosira pseudonana,Shing Mun River,22.3973287844342,114.208633065372,WGS84
1998S0001,1998-02-20,1998-02-21,Dinoflagellates,Noctiluca scintillans,"Turtle Cove Beach, Hong Kong Island",22.2323608243576,114.223528869992,WGS84
1998S0002,1998-02-20,1998-02-21,Dinoflagellates,Noctiluca scintillans,"Repulse Bay Beach, Hong Kong Island",22.2358958902674,114.195461909277,WGS84
1998S0003,1998-03-13,1998-03-14,Dinoflagellates,Noctiluca scintillans,"Little Palm Beach, Sai Kung",22.3204580187987,114.286914605052,WGS84
1998S0004,1998-03-16,1998-03-21,Dinoflagellates,Noctiluca scintillans,"Silverstrand Beach, Sai Kung",22.3229383978159,114.272430693211,WGS84
1998S0006,1998-03-17,1998-03-18,Others,Undetermined sp.,"Tai Long Sai Wan, Sai Kung",22.3989385081385,114.373076961195,WGS84
1998S0005,1998-03-18,1998-03-31,Dinoflagellates,Karenia digitata,"Double Haven, Crooked Harbour, O Pui Tong",22.5410493570418,114.277616414713,WGS84
1998S0007,1998-03-23,1998-03-27,Dinoflagellates,Karenia digitata,Leung Shuen Wan and Kau Sai Fish Culture Zones,22.341422946164,114.318425829335,WGS84
1998S0009,1998-03-25,1998-03-28,Dinoflagellates,Noctiluca scintillans,"Silverstrand Beach, Sai Kung",22.3229383978159,114.272430693211,WGS84
1998S0008,1998-03-25,1998-04-01,Diatom,Chaetoceros spp.,Yim Tin Tsai (East) Fish Culture Zone and Tolo Harbour,22.4431926409364,114.220959187795,WGS84
1998S0008,1998-03-25,1998-04-01,Dinoflagellates,Noctiluca scintillans,Yim Tin Tsai (East) Fish Culture Zone and Tolo Harbour,22.4431926409364,114.220959187795,WGS84
1998S0008,1998-03-25,1998-04-01,Dinoflagellates,Prorocentrum minimum,Yim Tin Tsai (East) Fish Culture Zone and Tolo Harbour,22.4431926409364,114.220959187795,WGS84
1998S0010,1998-04-01,1998-04-02,Dinoflagellates,Noctiluca scintillans,"Chung Hom Kok Beach, Hong Kong Island",22.2174523694475,114.201275382501,WGS84
1998S0010,1998-04-01,1998-04-02,Diatom,Chaetoceros curvisetus,"Chung Hom Kok Beach, Hong Kong Island",22.2174523694475,114.201275382501,WGS84
1998S0011,1998-04-02,1998-04-03,Dinoflagellates,Karenia digitata,Yung Shue Au Fish Culture Zones,22.4237092580152,114.277980844073,WGS84
1998S0012,1998-04-03,1998-04-04,Dinoflagellates,Karenia digitata,Kat O and O Pui Tong Fish Culture Zones,22.5446818873444,114.300286013641,WGS84
1998S0013,1998-04-03,1998-04-05,Dinoflagellates,Karenia digitata,Tai Tau Chau and Kai Lung Wan Fish Culture Zones,22.369119754688,114.323443710166,WGS84
1998S0014,1998-04-07,1998-04-13,Dinoflagellates,Prorocentrum minimum,Tolo Harbour near Yuen Chau Tsai,22.4471825431082,114.178729832492,WGS84
1998S0014,1998-04-07,1998-04-13,Dinoflagellates,Prorocentrum dentatum,Tolo Harbour near Yuen Chau Tsai,22.4471825431082,114.178729832492,WGS84
1998S0015,1998-04-09,1998-04-17,Dinoflagellates,Karenia digitata,Hong Kong South Waters,22.2566824043579,114.284532382534,WGS84
1998S0016,1998-04-10,1998-04-17,Dinoflagellates,Karenia digitata,Sham Wan and Tap Mun Fish Culture Zones,22.4405384722652,114.353152404789,WGS84
1998S0017,1998-04-11,1998-04-18,Dinoflagellates,Karenia digitata,"Yim Tin Tsai, Yim Tin Tsai (East) and Yung Shue Au Fish Culture Zones",22.4237066095771,114.278056945018,WGS84
1998S0017,1998-04-11,1998-04-18,Dinoflagellates,Prorocentrum minimum,"Yim Tin Tsai, Yim Tin Tsai (East) and Yung Shue Au Fish Culture Zones",22.4237066095771,114.278056945018,WGS84
1998S0018,1998-04-17,1998-04-18,Dinoflagellates,Noctiluca scintillans,"Shek O Beach, Hong Kong Island",22.2284582012421,114.251862863321,WGS84
1998S0019,1998-04-24,1998-04-26,Dinoflagellates,Cochlodinium polykrikoides,Southern Beaches,22.2439096937891,114.18680761166,WGS84
1998S0020,1998-04-25,1998-04-26,Dinoflagellates,Gymnodinium sanguineum,"Sha Chau, Lung Kwu Chau, Tap Shek Kok",22.3737120557199,113.877962258738,WGS84
1998S0021,1998-04-29,1998-05-02,Dinoflagellates,Gyrodinium instriatum,"Tuen Mun Beaches, Chek Lap Kok to Ma Wan Fish Culture Zone",22.3443293388533,114.000372708847,WGS84
1998S0022,1998-05-02,1998-05-13,Dinoflagellates,Karenia longicanalis,Hong Kong South Waters,22.1685921187129,114.182984299333,WGS84
1998S0023,1998-05-05,1998-05-07,Dinoflagellates,Cochlodinium polykrikoides,Deep Water Bay near Ocean Park,22.2413547942293,114.178749747131,WGS84
1998S0024,1998-05-09,1998-05-12,Dinoflagellates,Gyrodinium spirale,"Silvermine Bay Beach, Lantau Island",22.2698196640171,114.000853105516,WGS84
1998S0025,1998-05-20,1998-05-22,Dinoflagellates,Heterocapsa circularisquama,Yim Tin Tsai Fish Culture Zone and Tolo Harbour,22.4442942362072,114.222367672393,WGS84
1998S0026,1998-05-28,1998-06-02,Diatom,Skeletonema costatum,Yim Tin Tsai and Yim Tin Tsai (East) Fish Culture Zones,22.4544402183019,114.222389813107,WGS84
1998S0026,1998-05-28,1998-06-02,Diatom,Thalassiosira spp.,Yim Tin Tsai and Yim Tin Tsai (East) Fish Culture Zones,22.4544402183019,114.222389813107,WGS84
1998S0026,1998-05-28,1998-06-02,Diatom,Leptocylindrus minimus,Yim Tin Tsai and Yim Tin Tsai (East) Fish Culture Zones,22.4544402183019,114.222389813107,WGS84
1998S0027,1998-06-05,1998-06-06,Diatom,Thalassiosira spp.,Cheung Sha Wan Fish Culture Zone,22.2361241510832,114.006317592245,WGS84
1998S0028,1998-06-15,1998-06-18,Diatom,Skeletonema costatum,"Cheung Sha Wan and Lo Tik Wan Fish Culture Zones, East Lamma Channel",22.2264769397021,114.148117217809,WGS84
1998S0028,1998-06-15,1998-06-18,Diatom,Thalassiosira spp.,"Cheung Sha Wan and Lo Tik Wan Fish Culture Zones, East Lamma Channel",22.2264769397021,114.148117217809,WGS84
1998S0029,1998-06-30,1998-07-01,Diatom,Skeletonema costatum,"Lo Tik Wan Fish Culture Zone, East Lamma Channel, Aberdeen",22.2265603218213,114.148280842198,WGS84
1998S0030,1998-08-24,1998-10-21,Dinoflagellates,Ceratium furca,"Rocky Harbour and Port Shelter (Ngau Mei Hoi), Sai Kung",22.3443141934816,114.288831762452,WGS84
1998S0031,1998-09-16,1998-11-03,Dinoflagellates,Ceratium furca,"Crooked Harboour to Wong Chuk Kok Hoi, Tolo Harbour",22.523498062297,114.293242297845,WGS84
1998S0032,1998-11-01,1998-11-18,Others,Mesodinium rubrum,Hong Kong South Waters,22.1686799709283,114.176785899916,WGS84
1998S0033,1998-11-23,1998-11-26,Diatom,Thalassiosira pseudonana,Shing Mun River,22.3973287844342,114.208633065372,WGS84
1998S0033,1998-11-23,1998-11-26,Dinoflagellates,Prorocentrum triestinum,Shing Mun River,22.3973287844342,114.208633065372,WGS84
1998S0034,1998-12-02,1998-12-04,Dinoflagellates,Prorocentrum dentatum,Kat O Fisheries Research Station,22.5392577247627,114.303474329979,WGS84
1998S0034,1998-12-02,1998-12-04,Dinoflagellates,Noctiluca scintillans,Kat O Fisheries Research Station,22.5392577247627,114.303474329979,WGS84
1998S0036,1998-12-18,1999-01-07,Dinoflagellates,Prorocentrum dentatum,Sham Wan Fish Culture Zone and Wong Shek Pier,22.4404237159059,114.353108904698,WGS84
1998S0035,1998-12-18,1998-12-27,Dinoflagellates,Prorocentrum dentatum,Kat O Fisheries Research Station and O Pui Tong Fish Culture Zone,22.5446580508019,114.30035201203,WGS84
1998S0037,1998-12-21,1999-01-04,Diatom,Cerataulina pelagica,Yim Tin Tsai Fish Culture Zone and Tolo Harbour,22.4442637940649,114.222401391659,WGS84
1999S0001,1999-01-18,1999-01-21,Dinoflagellates,Noctiluca scintillans,Yung Shue Au Fish Culture Zone,22.4236605754435,114.277763155662,WGS84
1999S0002,1999-01-18,1999-01-21,Dinoflagellates,Noctiluca scintillans,"Hoi Ha Wan, Sai Kung",22.4664391263821,114.332441702429,WGS84
1999S0003,1999-01-28,1999-01-29,Dinoflagellates,Noctiluca scintillans,Tung Ping Chau,22.5408351879443,114.422516966563,WGS84
1999S0004,1999-02-11,1999-02-12,Diatom,Skeletonema costatum,Sha Chau,22.3435070023341,113.892727906261,WGS84
1999S0006,1999-03-01,1999-03-12,Dinoflagellates,Gonyaulax polygramma,Kau Sai Fish Culture Zone,22.3414288598495,114.318437678424,WGS84
1999S0005,1999-03-01,1999-03-02,Others,Undetermined sp.,"Ha Pak Nai and Black Point (Lan Kok Tsui), Tuen Mun",22.430656483405,113.938992517788,WGS84
1999S0007,1999-03-05,1999-03-08,Dinoflagellates,Gonyaulax polygramma,Kat O Fisheries Research Station,22.5365981421075,114.302904690136,WGS84
1999S0008,1999-03-10,1999-03-12,Dinoflagellates,Gonyaulax polygramma,Lo Tik Wan Fish Culture Zone,22.2206896480624,114.129912091525,WGS84
1999S0009,1999-03-12,1999-03-18,Dinoflagellates,Gonyaulax polygramma,Rocky Harbour near Pak A,22.3532440654984,114.349958847018,WGS84
1999S0010,1999-03-14,1999-03-21,Dinoflagellates,Gonyaulax polygramma,Kat O Fisheries Research Station,22.5365981421075,114.302904690136,WGS84
1999S0010,1999-03-14,1999-03-21,Dinoflagellates,Prorocentrum balticum,Kat O Fisheries Research Station,22.5365981421075,114.302904690136,WGS84
1999S0011,1999-03-16,1999-03-22,Dinoflagellates,Gonyaulax polygramma,North-eastern Hong Kong waters including Wong Wan Fish Culture Zone,22.4916937200077,114.346673599585,WGS84
1999S0012,1999-03-19,1999-03-20,Dinoflagellates,Gonyaulax polygramma,Deep Water Bay near Ocean Park,22.2413547942293,114.178749747131,WGS84
1999S0013,1999-03-27,1999-03-28,Dinoflagellates,Gonyaulax polygramma,"Pillar Point (Mong Hau Shek), Tuen Mun",22.3610616442265,113.952063951024,WGS84
1999S0014,1999-04-01,1999-04-06,Others,Heterosigma akashiwo,"Golden Beach, Tuen Mun",22.3675176863501,113.988229902897,WGS84
1999S0015,1999-04-09,1999-04-10,Others,Heterosigma akashiwo,Tuen Mun River,22.3944427941432,113.972842045657,WGS84
1999S0016,1999-04-10,1999-04-12,Dinoflagellates,Noctiluca scintillans,"Ma Shi Chau, Tolo Harbour",22.4513753197625,114.233593510212,WGS84
1999S0017,1999-04-17,1999-04-18,Others,Undetermined sp.,"Lower Cheung Sha Beach, Lantau Island",22.2265662568851,113.943238649546,WGS84
1999S0018,1999-04-19,1999-04-24,Dinoflagellates,Heterocapsa circularisquama,Yim Tin Tsai Fish Culture Zone,22.4537137474019,114.209129816877,WGS84
1999S0019,1999-04-23,1999-04-24,Dinoflagellates,Noctiluca scintillans,"Lido Beach Beach, Tsuen Wan",22.3668155952331,114.076467075885,WGS84
1999S0020,1999-07-22,1999-07-24,Others,Heterosigma akashiwo,Yim Tin Tsai and Yim Tin Tsai (East) Fish Culture Zones,22.4544402183019,114.222389813107,WGS84
1999S0021,1999-08-17,1999-08-18,Diatom,Pseudo-nitzschia spp.,West Lamma Channel,22.208319650427,114.072721252553,WGS84
1999S0021,1999-08-17,1999-08-18,Diatom,Nitzschia incerta,West Lamma Channel,22.208319650427,114.072721252553,WGS84
1999S0022,1999-11-15,1999-11-16,Others,Mesodinium rubrum,Tolo Harbour near Yuen Chau Tsai,22.4471825431082,114.178729832492,WGS84
1999S0023,1999-11-24,1999-11-26,Others,Mesodinium rubrum,Hong Kong South Waters including Clear Water Bay Second Beach,22.1672467041115,114.186556448184,WGS84
1999S0024,1999-12-02,1999-12-04,Others,Mesodinium rubrum,"Clear Water Bay to Fat Tong Kok, Kau Sai Fish Culture Zone",22.2689344801606,114.308431150359,WGS84
1999S0025,1999-12-10,1999-12-15,Others,Mesodinium rubrum,Kat O Fisheries Research Station,22.5365981421075,114.302904690136,WGS84
1999S0026,1999-12-13,1999-12-19,Dinoflagellates,Prorocentrum dentatum,Shing Mun River,22.3971192370705,114.208420416755,WGS84
1999S0026,1999-12-13,1999-12-19,Dinoflagellates,Prorocentrum minimum,Shing Mun River,22.3971192370705,114.208420416755,WGS84
1999S0027,1999-12-13,1999-12-14,Others,Mesodinium rubrum,"Clear Water Bay Second Beach, Sai Kung",22.2871187055991,114.289062251367,WGS84
1999S0028,1999-12-14,1999-12-16,Others,Mesodinium rubrum,Deep Water Bay near Ocean Park,22.2413547942293,114.178749747131,WGS84
1999S0029,1999-12-28,2000-01-02,Others,Mesodinium rubrum,Kat O Fisheries Research Station,22.5365981421075,114.302904690136,WGS84
1999S0030,1999-12-28,1999-12-30,Others,Mesodinium rubrum,"Wong Shek Pier, Sai Kung",22.4353587639447,114.337645896291,WGS84
1999S0031,1999-12-30,2000-01-03,Others,Mesodinium rubrum,"Tai Long Sai Wan, Sai Kung",22.3989385081385,114.373076961195,WGS84
2000S0002,2000-01-05,2000-01-07,Others,Heterosigma akashiwo,"Castle Peak Bay, Tuen Mun",22.385265331778,113.968815119804,WGS84
2000S0003,2000-01-07,2000-01-13,Dinoflagellates,Prorocentrum minimum,Shing Mun River,22.3906523108793,114.202252541128,WGS84
2000S0004,2000-01-11,2000-01-12,Others,Mesodinium rubrum,"Tung Wan Beach, Cheung Chau",22.2116827376019,114.031381704659,WGS84
2000S0006,2000-01-12,2000-01-14,Others,Mesodinium rubrum,Deep Water Bay near Ocean Park,22.2295559476889,114.168909923683,WGS84
2000S0005,2000-01-12,2000-01-15,Others,Mesodinium rubrum,Lantau Island (Southwest),22.1805217011474,113.859173287783,WGS84
2000S0007,2000-01-26,2000-01-29,Dinoflagellates,Prorocentrum minimum,Shing Mun River,22.3942952019394,114.205440745203,WGS84
2000S0008,2000-02-14,2000-02-16,Dinoflagellates,Noctiluca scintillans,"Silverstrand Beach, Sai Kung",22.3235836657346,114.273804615521,WGS84
2000S0009,2000-02-14,2000-02-15,Dinoflagellates,Noctiluca scintillans,Lo Tik Wan Fish Culture Zone,22.2221056139987,114.129528189564,WGS84
2000S0010,2000-02-16,2000-02-17,Others,Mesodinium rubrum,"Tai Long Sai Wan, Sai Kung",22.3996064999877,114.374079629065,WGS84
2000S0011,2000-02-19,2000-02-21,Dinoflagellates,Noctiluca scintillans,"Silverstrand Beach, Sai Kung",22.3232082155503,114.273144391168,WGS84
2000S0012,2000-02-22,2000-02-23,Dinoflagellates,Noctiluca scintillans,Double Haven (Yan Chau Tong),22.5262029346311,114.295147592458,WGS84
2000S0013,2000-03-07,2000-03-08,Others,Heterosigma akashiwo,Sha Tau Kok Hoi and Sha Tau Kok Fish Culture Zone,22.5357108803029,114.22309956818,WGS84
2000S0014,2000-03-13,2000-03-17,Dinoflagellates,Noctiluca scintillans,"Silverstrand Beach, Sai Kung",22.3229665451856,114.272722840075,WGS84
2000S0015,2000-03-14,2000-03-16,Dinoflagellates,Noctiluca scintillans,"Hebe Haven (Pak Sha Wan), Sai Kung",22.3587981155801,114.262035141047,WGS84
2000S0016,2000-03-15,2000-03-16,Dinoflagellates,Akashiwo sanguinea,Port Island (Chek Chau),22.5022750687654,114.353754353343,WGS84
2000S0017,2000-03-16,2000-03-22,Dinoflagellates,Akashiwo sanguinea,Sha Tin Hoi,22.4131945682026,114.217880014021,WGS84
2000S0018,2000-04-04,2000-04-05,Dinoflagellates,Noctiluca scintillans,"Pui O Beach, Lantau Island",22.2391610507257,113.97356640249,WGS84
2000S0019,2000-04-05,2000-04-06,Dinoflagellates,Noctiluca scintillans,Pak Shek Kok and Wu Kai Sha,22.4349631684984,114.251163234795,WGS84
2000S0020,2000-04-05,2000-04-06,Dinoflagellates,Noctiluca scintillans,"Silverstrand Beach, Sai Kung",22.3229063005594,114.27237377359,WGS84
2000S0021,2000-04-10,2000-04-11,Dinoflagellates,Noctiluca scintillans,"Silverstrand Beach, Sai Kung",22.3228280170326,114.27221601401,WGS84
2000S0022,2000-04-29,2000-05-08,Dinoflagellates,Prorocentrum sigmoides,Kat O Fisheries Research Station,22.5367888429428,114.303010725796,WGS84
2000S0023,2000-05-03,2000-05-08,Dinoflagellates,Prorocentrum sigmoides,O Pui Tong,22.5459569920849,114.296661451196,WGS84
2000S0024,2000-05-03,2000-05-12,Dinoflagellates,Prorocentrum minimum,Tolo Harbour near Tai Po Industrial Estate,22.4470709512679,114.187571170773,WGS84
2000S0024,2000-05-03,2000-05-12,Dinoflagellates,Prorocentrum triestinum,Tolo Harbour near Tai Po Industrial Estate,22.4470709512679,114.187571170773,WGS84
2000S0025,2000-05-04,2000-05-12,Dinoflagellates,Ceratium furca,Tolo Channel near Lo Fu Wat,22.4659845675103,114.275143346233,WGS84
2000S0026,2000-06-13,2000-06-15,Dinoflagellates,Prorocentrum dentatum,Sha Tin Hoi,22.4330807276281,114.2076499536,WGS84
2000S0027,2000-06-16,2000-06-17,Dinoflagellates,Prorocentrum dentatum,Yim Tin Tsai Fish Culture Zone,22.4524608162265,114.206799509959,WGS84
2000S0028,2000-06-26,2000-06-27,Others,Undetermined sp.,Three Fathoms Cove (Kei Ling Ha Hoi),22.439271196144,114.270963521283,WGS84
2000S0029,2000-07-04,2000-07-05,Dinoflagellates,Gonyaulax polygramma,Inner Port Shelter near Yeung Chau,22.3837963521663,114.281075264637,WGS84
2000S0030,2000-08-18,2000-08-19,Others,Hermesinum adriaticum,Kat O Fisheries Research Station,22.5364129806668,114.302839847888,WGS84
2000S0031,2000-09-23,2000-09-25,Dinoflagellates,Scrippsiella trochoidea,"Tai Long Wan, Sai Kung",22.4179826596933,114.389081403369,WGS84
2000S0032,2000-09-24,2000-09-25,Dinoflagellates,Scrippsiella trochoidea,"Big Wave Bay, Hong Kong Island",22.2437876160592,114.25157836313,WGS84
2000S0034,2000-09-25,2000-09-26,Others,Haematococcus pluvialis,Tolo Harbour near Sam Mun Tsai,22.4655288485723,114.210534346409,WGS84
2000S0033,2000-09-25,2000-09-29,Dinoflagellates,Scrippsiella trochoidea,"Shek O Beach, Hong Kong Island",22.2283464814196,114.251747823819,WGS84
2000S0035,2000-09-25,2000-09-26,Others,Haematococcus pluvialis,Yim Tin Tsai East Fish Culture Zone,22.4536294219927,114.221346962218,WGS84
2000S0036,2000-09-29,2000-09-30,Dinoflagellates,Scrippsiella trochoidea,"Stanley Main Beach, Hong Kong Island",22.221109189438,114.214561152538,WGS84
2000S0037,2000-09-29,2000-10-06,Dinoflagellates,Scrippsiella trochoidea,Tolo Channel near Lo Fu Wat,22.4639036269446,114.271483729275,WGS84
2000S0038,2000-09-29,2000-10-01,Dinoflagellates,Scrippsiella trochoidea,Port Shelter near The Hong Kong University of Science and Technology,22.3352925553976,114.273061683833,WGS84
2000S0040,2000-09-30,2000-10-17,Dinoflagellates,Scrippsiella trochoidea,O Pui Tong near Yeung Chau,22.5415870784071,114.304278364259,WGS84
2000S0041,2000-10-01,2000-10-03,Dinoflagellates,Scrippsiella trochoidea,Kat O Fisheries Research Station,22.5362730937996,114.302490686954,WGS84
2000S0042,2000-10-03,2000-10-08,Dinoflagellates,Scrippsiella trochoidea,Kat O Fisheries Research Station,22.5362010921961,114.303013526099,WGS84
2000S0043,2000-10-04,2000-10-11,Dinoflagellates,Scrippsiella trochoidea,Long Harbour near Nam Fung Wan,22.4584656655087,114.342400040939,WGS84
2000S0044,2000-10-08,2000-10-17,Dinoflagellates,Scrippsiella trochoidea,Kat O Fisheries Research Station,22.5362206994304,114.302514261669,WGS84
2000S0045,2000-10-12,2000-10-13,Dinoflagellates,Scrippsiella trochoidea,Starling Inlet (Sha Tau Kok Hoi),22.5462572019644,114.238858516777,WGS84
2000S0046,2000-10-17,2000-10-18,Dinoflagellates,Scrippsiella trochoidea,Tolo Harbour near Tai Po Industrial Estate,22.4509817862917,114.183117991415,WGS84
2000S0047,2000-10-18,2000-10-19,Others,Plagioselmis prolonga,Shing Mun River,22.3855247004283,114.197150784039,WGS84
2000S0048,2000-11-01,2000-11-12,Others,Plagioselmis prolonga,Shing Mun River,22.3844842090174,114.196149511861,WGS84
2000S0048,2000-11-01,2000-11-12,Dinoflagellates,Protoperidinium quinquecorne,Shing Mun River,22.3844842090174,114.196149511861,WGS84
2000S0048,2000-11-01,2000-11-12,Dinoflagellates,Scrippsiella trochoidea,Shing Mun River,22.3844842090174,114.196149511861,WGS84
2000S0049,2000-11-06,2000-11-07,Dinoflagellates,Scrippsiella trochoidea,Yim Tin Tsai Fish Culture Zone,22.4524653862345,114.207753961746,WGS84
2000S0050,2000-11-15,2000-11-28,Dinoflagellates,Scrippsiella trochoidea,Shing Mun River ,22.3892634474254,114.200631816928,WGS84
2000S0051,2000-11-17,2000-12-02,Dinoflagellates,Scrippsiella trochoidea,Ma Liu Shui Pier,22.4197943406432,114.216522551046,WGS84
2000S0052,2000-11-19,2000-12-02,Dinoflagellates,Scrippsiella trochoidea,Yim Tin Tsai Fish Culture Zone,22.4539715710823,114.204852361979,WGS84
2000S0053,2000-11-27,2000-11-28,Dinoflagellates,Noctiluca scintillans,"Silverstrand Beach, Sai Kung",22.3228303818305,114.272294791111,WGS84
2000S0054,2000-11-30,2000-12-05,Others,Mesodinium rubrum,Port Shelter near Silverstrand Beach,22.326764686276,114.281066970422,WGS84
2000S0055,2000-12-01,2000-12-05,Others,Mesodinium rubrum,Port Shelter near Sheung Sze Wan,22.307895372688,114.291891771623,WGS84
2000S0056,2000-12-17,2000-12-20,Others,Trichodesmium spp.,Kat O Fisheries Research Station,22.5360923541743,114.302591417981,WGS84
2000S0056,2000-12-17,2000-12-20,Dinoflagellates,Noctiluca scintillans,Kat O Fisheries Research Station,22.5360923541743,114.302591417981,WGS84
2000S0057,2000-12-27,2001-01-16,Dinoflagellates,Noctiluca scintillans,Kat O Fisheries Research Station,22.5359119273682,114.303134221981,WGS84
2000S0058,2000-12-28,2000-12-29,Dinoflagellates,Noctiluca scintillans,Long Harbour (Tai Tan Hoi),22.4531948232777,114.347920026179,WGS84
2001S0001,2001-01-01,2001-01-04,Dinoflagellates,Noctiluca scintillans,"Hoi Ha Wan, Sai Kung",22.4674737414873,114.332963657235,WGS84
2001S0002,2001-01-02,2001-01-04,Dinoflagellates,Noctiluca scintillans,Kat O Fish Culture Zone,22.5501765378236,114.289101859907,WGS84
2001S0003,2001-01-02,2001-01-04,Dinoflagellates,Noctiluca scintillans,Tai Tau Chau Fish Culture Zone,22.3691225154505,114.323137168198,WGS84
2001S0004,2001-01-03,2001-01-05,Dinoflagellates,Noctiluca scintillans,Tolo Channel near Pak Sha Tau,22.451196032343,114.252631171149,WGS84
2001S0006,2001-01-04,2001-01-05,Dinoflagellates,Noctiluca scintillans,"San Shek Wan, Lantau Island",22.2827009779905,113.891689075567,WGS84
2001S0005,2001-01-04,2001-01-05,Dinoflagellates,Noctiluca scintillans,"Clear Water Bay Second Beach, Sai Kung",22.2877913021271,114.288517999132,WGS84
2001S0007,2001-01-05,2001-01-10,Dinoflagellates,Noctiluca scintillans,Inner Port Shelter (Sai Kung Hoi),22.3640064536641,114.275813536625,WGS84
2001S0015,2001-01-07,2001-01-16,Dinoflagellates,Noctiluca scintillans,"Lai Chi Wo, Crooked Harbour (Kat O Hoi) ",22.5281208987866,114.263689787229,WGS84
2001S0008,2001-01-07,2001-01-11,Dinoflagellates,Noctiluca scintillans,O Pui Tong,22.5468511826772,114.298408683283,WGS84
2001S0016,2001-01-07,2001-01-16,Dinoflagellates,Noctiluca scintillans,"Ap Chau, Crooked Harbour (Kat O Hoi)",22.5502491427817,114.269978255737,WGS84
2001S0014,2001-01-07,2001-01-08,Dinoflagellates,Noctiluca scintillans,Tung Ping Chau,22.5421238655906,114.436841457297,WGS84
2001S0010,2001-01-07,2001-01-08,Dinoflagellates,Noctiluca scintillans,"Repulse Bay, Hong Kong Island",22.2354972201666,114.193912504896,WGS84
2001S0009,2001-01-07,2001-01-08,Dinoflagellates,Noctiluca scintillans,"Chung Hom Kok, Hong Kong Island",22.2167249499585,114.19788918018,WGS84
2001S0011,2001-01-07,2001-01-10,Dinoflagellates,Noctiluca scintillans,"Port Shelter (Ngau Mei Hoi), Sai Kung",22.3679052708884,114.279308054134,WGS84
2001S0012,2001-01-07,2001-01-10,Dinoflagellates,Noctiluca scintillans,"Tai Tau Chau, Sai Kung",22.3678785072986,114.320444653174,WGS84
2001S0013,2001-01-07,2001-01-08,Dinoflagellates,Noctiluca scintillans,"Turtle Cove Wan, Hong Kong Island",22.2317626942041,114.223246763004,WGS84
2001S0017,2001-01-17,2001-01-21,Dinoflagellates,Scrippsiella trochoidea,Shing Mun River,22.3866926892493,114.198410587527,WGS84
2001S0019,2001-01-19,2001-01-21,Dinoflagellates,Noctiluca scintillans,Crooked Harbour (Kat O Hoi),22.5486136909801,114.283481137217,WGS84
2001S0018,2001-01-19,2001-01-20,Diatom,Chaetoceros socialis,Deep Water Bay near Ocean Park,22.2327173591155,114.174929530692,WGS84
2001S0020,2001-03-01,2001-03-07,Others,Heterosigma akashiwo,Starling Inlet (Sha Tau Kok Hoi),22.5510259180974,114.241554210317,WGS84
2001S0021,2001-03-07,2001-03-12,Dinoflagellates,Akashiwo sanguinea,Ha Pak Nai to Black Point,22.4288810690418,113.929960015983,WGS84
2001S0022,2001-03-21,2001-03-24,Diatom,Skeletonema costatum,Ma Wan Tung Wan to Ma Wan Fish Culture Zone,22.3497385625105,114.05334917965,WGS84
2001S0023,2001-03-22,2001-03-27,Dinoflagellates,Gonyaulax polygramma,O Pui Tong,22.5441778312401,114.297754849146,WGS84
2001S0024,2001-03-25,2001-03-26,Dinoflagellates,Gonyaulax polygramma,Long Harbour,22.4623254616196,114.348466741156,WGS84
2001S0026,2001-04-02,2001-04-04,Diatom,Thalassiosira spp.,Sha Tin Hoi,22.4153269708319,114.219698512461,WGS84
2001S0026,2001-04-02,2001-04-04,Dinoflagellates,Scrippsiella trochoidea,Sha Tin Hoi,22.4153269708319,114.219698512461,WGS84
2001S0026,2001-04-02,2001-04-04,Diatom,Skeletonema costatum,Sha Tin Hoi,22.4153269708319,114.219698512461,WGS84
2001S0025,2001-04-02,2001-04-06,Others,Mesodinium rubrum,Lantau Island near Cheung Sha Wan,22.241068712726,114.021729602399,WGS84
2001S0027,2001-04-03,2001-04-04,Dinoflagellates,Scrippsiella trochoidea,Plover Cove (Shuen Wan Hoi) near Sha Lan,22.4612794525255,114.210007693274,WGS84
2001S0028,2001-04-07,2001-04-10,Dinoflagellates,Scrippsiella trochoidea,Tolo Harbour,22.4510727073273,114.200077056901,WGS84
2001S0029,2001-04-14,2001-04-21,Others,Dictyocha octonaria,Kat O and O Pui Tong Fish Culture Zones,22.5434135974019,114.28335144253,WGS84
2001S0029,2001-04-14,2001-04-21,Others,Chattonella marina,Kat O and O Pui Tong Fish Culture Zones,22.5434135974019,114.28335144253,WGS84
2001S0029,2001-04-14,2001-04-21,Others,Chattonella ovata,Kat O and O Pui Tong Fish Culture Zones,22.5434135974019,114.28335144253,WGS84
2001S0032,2001-04-21,2001-04-27,Others,Dictyocha octonaria,Deep water Bay near Ocean Park,22.2312496558865,114.174323491669,WGS84
2001S0032,2001-04-21,2001-04-27,Others,Chattonella ovata,Deep water Bay near Ocean Park,22.2312496558865,114.174323491669,WGS84
2001S0032,2001-04-21,2001-04-27,Others,Chattonella marina,Deep water Bay near Ocean Park,22.2312496558865,114.174323491669,WGS84
2001S0030,2001-04-21,2001-04-27,Others,Dictyocha octonaria,Kau Sai Fish Culture Zone,22.3416949626482,114.317307461304,WGS84
2001S0030,2001-04-21,2001-04-27,Others,Chattonella ovata,Kau Sai Fish Culture Zone,22.3416949626482,114.317307461304,WGS84
2001S0031,2001-04-21,2001-04-27,Others,Chattonella ovata,Rocky Harbour near Kau Sai,22.3443716802361,114.331976157991,WGS84
2001S0031,2001-04-21,2001-04-27,Others,Dictyocha octonaria,Rocky Harbour near Kau Sai,22.3443716802361,114.331976157991,WGS84
2001S0033,2001-04-23,2001-04-27,Others,Chattonella ovata,Pier at The Hong Kong University of Science and Technology,22.3386672634913,114.268475905722,WGS84
2001S0033,2001-04-23,2001-04-27,Others,Chattonella marina,Pier at The Hong Kong University of Science and Technology,22.3386672634913,114.268475905722,WGS84
2001S0034,2001-04-25,2001-04-27,Others,Chattonella ovata,"Silverstrand Beach, Sai Kung",22.3232592531483,114.27284537736,WGS84
2001S0034,2001-04-25,2001-04-27,Others,Dictyocha octonaria,"Silverstrand Beach, Sai Kung",22.3232592531483,114.27284537736,WGS84
2001S0035,2001-04-25,2001-04-27,Dinoflagellates,Scrippsiella trochoidea,Yim Tin Tsai and Yung Shue Au Fish Culture Zones,22.4249228107315,114.279210132117,WGS84
2001S0036,2001-04-30,2001-05-01,Diatom,Skeletonema costatum,Tuen Mun near Tai Lam Kok,22.3527688565995,114.025626054779,WGS84
2001S0037,2001-05-07,2001-05-15,Dinoflagellates,Prorocentrum dentatum,Shuen Wan Typhoon Shelter,22.4553384338121,114.211768450018,WGS84
2001S0038,2001-05-14,2001-05-15,Dinoflagellates,Noctiluca scintillans,"Hung Shing Yeh Beach, Lamma Island",22.218472183637,114.11939742765,WGS84
2001S0039,2001-05-14,2001-05-15,Dinoflagellates,Noctiluca scintillans,Deep Water Bay near Ocean Park,22.2424614716516,114.18018951486,WGS84
2001S0040,2001-05-16,2001-05-17,Diatom,Skeletonema costatum,Ma Wan Fish Culture Zone and Sunny Bay,22.3463370227851,114.036186761461,WGS84
2001S0041,2001-05-22,2001-05-23,Dinoflagellates,Noctiluca scintillans,"Turtle Cove Beach, Hong Kong Island",22.2328063646314,114.223458197947,WGS84
2001S0042,2001-05-26,2001-05-29,Diatom,Chaetoceros sp.0105,Sha Tin Hoi near Water Sport Centre,22.41941943801,114.216641573279,WGS84
2001S0042,2001-05-26,2001-05-29,Diatom,Skeletonema costatum,Sha Tin Hoi near Water Sport Centre,22.41941943801,114.216641573279,WGS84
2001S0043,2001-05-28,2001-05-30,Diatom,Leptocylindrus danicus,Starling Inlet (Sha Tau Kok Hoi),22.5405199930471,114.233026933972,WGS84
2001S0044,2001-06-01,2001-06-02,Diatom,Thalassiosira nordenskioeldii,Starling Inlet (Sha Tau Kok Hoi),22.5412789372199,114.234361931729,WGS84
2001S0044,2001-06-01,2001-06-02,Diatom,Skeletonema costatum,Starling Inlet (Sha Tau Kok Hoi),22.5412789372199,114.234361931729,WGS84
2001S0046,2001-06-15,2001-06-20,Diatom,Chaetoceros sp.0105,Sha Tin Hoi near Sam Mun Tsai,22.4557205276283,114.201452438748,WGS84
2001S0045,2001-06-18,2001-06-21,Diatom,Thalassiosira nordenskioeldii,Victoria Harbour,22.3002100000968,114.209023300416,WGS84
2001S0045,2001-06-18,2001-06-21,Diatom,Skeletonema costatum,Victoria Harbour,22.3002100000968,114.209023300416,WGS84
2001S0047,2001-06-21,2001-06-23,Diatom,Thalassiosira nordenskioeldii,Lamma Island (South),22.1683966698886,114.112012598123,WGS84
2001S0047,2001-06-21,2001-06-23,Diatom,Skeletonema costatum,Lamma Island (South),22.1683966698886,114.112012598123,WGS84
2001S0048,2001-06-22,2001-06-23,Diatom,Thalassiosira nordenskioeldii,Lantau Island (South),22.1656882294434,113.964259215929,WGS84
2001S0048,2001-06-22,2001-06-23,Diatom,Skeletonema costatum,Lantau Island (South),22.1656882294434,113.964259215929,WGS84
2001S0049,2001-07-17,2001-07-18,Dinoflagellates,Karenia mikimotoi,Kat O Fisheries Research Station,22.5364464457779,114.303025929505,WGS84
2001S0050,2001-09-03,2001-09-04,Dinoflagellates,Scrippsiella trochoidea,Shuen Wan Typhoon Shelter,22.4564325576282,114.210601545187,WGS84
2001S0051,2001-09-10,2001-09-15,Dinoflagellates,Prorocentrum minimum,Plover Cove (Shuen Wan Hoi),22.4620037597732,114.214978921797,WGS84
2001S0051,2001-09-10,2001-09-15,Dinoflagellates,Scrippsiella trochoidea,Plover Cove (Shuen Wan Hoi),22.4620037597732,114.214978921797,WGS84
2001S0052,2001-09-14,2001-09-18,Dinoflagellates,Prorocentrum minimum,Yim Tin Tsai Fish Culture Zone,22.4528972465839,114.203298087521,WGS84
2001S0052,2001-09-14,2001-09-18,Dinoflagellates,Scrippsiella trochoidea,Yim Tin Tsai Fish Culture Zone,22.4528972465839,114.203298087521,WGS84
2001S0053,2001-10-15,2001-10-16,Others,Teleaulax acuta,Shing Mun River,22.3823101638956,114.194079203173,WGS84
2001S0054,2001-10-24,2001-11-02,Diatom,Thalassiosira pseudonana,Starling Inlet (Sha Tau Kok Hoi),22.5377415303599,114.226304017693,WGS84
2001S0054,2001-10-24,2001-11-02,Diatom,Chaetoceros tenuissimus,Starling Inlet (Sha Tau Kok Hoi),22.5377415303599,114.226304017693,WGS84
2001S0054,2001-10-24,2001-11-02,Diatom,Skeletonema costatum,Starling Inlet (Sha Tau Kok Hoi),22.5377415303599,114.226304017693,WGS84
2001S0055,2001-11-19,2001-12-15,Dinoflagellates,Prorocentrum triestinum,Shing Mun River,22.384073895041,114.19594813819,WGS84
2001S0055,2001-11-19,2001-12-15,Dinoflagellates,Prorocentrum minimum,Shing Mun River,22.384073895041,114.19594813819,WGS84
2001S0055,2001-11-19,2001-12-15,Dinoflagellates,Scrippsiella trochoidea,Shing Mun River,22.384073895041,114.19594813819,WGS84
2001S0056,2001-11-21,2001-12-15,Dinoflagellates,Prorocentrum minimum,Shing Mun River,22.3856781312185,114.197347668507,WGS84
2001S0056,2001-11-21,2001-12-15,Dinoflagellates,Prorocentrum triestinum,Shing Mun River,22.3856781312185,114.197347668507,WGS84
2001S0056,2001-11-21,2001-12-15,Dinoflagellates,Scrippsiella trochoidea,Shing Mun River,22.3856781312185,114.197347668507,WGS84
2001S0057,2001-11-23,2001-11-26,Others,Mesodinium rubrum,Eastern waters of Hong Kong,22.2420205320396,114.38210899485,WGS84
2001S0058,2001-11-23,2001-11-26,Others,Mesodinium rubrum,"Deep Water Bay, Hong Kong Island",22.2397818435325,114.178329733837,WGS84
2001S0059,2001-11-28,2001-12-15,Dinoflagellates,Prorocentrum minimum,Shing Mun River,22.3869715634509,114.198525157944,WGS84
2002S0001,2002-01-09,2002-01-10,Dinoflagellates,Noctiluca scintillans,Kat O Fisheries Research Station,22.5362723879443,114.302988918873,WGS84
2002S0002,2002-01-12,2002-01-14,Others,Mesodinium rubrum,North of Ma Wan to Tuen Mun,22.3504901584157,114.017188859194,WGS84
2002S0004,2002-01-13,2002-01-16,Others,Mesodinium rubrum,The Brothers,22.3397962558194,113.958602516502,WGS84
2002S0006,2002-01-13,2002-01-16,Dinoflagellates,Noctiluca scintillans,"Lai Chi Wo, Crooked Harbour (Kat O Hoi)",22.5266576633315,114.265170121956,WGS84
2002S0003,2002-01-13,2002-01-16,Dinoflagellates,Noctiluca scintillans,"Silverstrand Beach, Sai Kung",22.3229401669897,114.272156028242,WGS84
2002S0005,2002-01-14,2002-01-17,Others,Mesodinium rubrum,Lamma Island (North),22.2422964665287,114.110733768067,WGS84
2002S0009,2002-01-15,2002-01-18,Diatom,Thalassiosira weissflogii,"Sheung Pak Nai, Yuen Long",22.4512127443122,113.951932643963,WGS84
2002S0007,2002-01-15,2002-01-16,Dinoflagellates,Noctiluca scintillans,Crescent bay (Ngo Mei Wan),22.5340505563897,114.317311245853,WGS84
2002S0008,2002-01-15,2002-01-17,Others,Mesodinium rubrum,South west of Hei Ling Chau,22.2427124215641,114.025130743095,WGS84
2002S0010,2002-01-16,2002-01-18,Dinoflagellates,Noctiluca scintillans,"Silverstrand Beach, Sai Kung",22.3227691330466,114.272223816591,WGS84
2002S0011,2002-02-18,2002-03-05,Dinoflagellates,Prorocentrum minimum,Shing Mun River ,22.3809001035912,114.192737211728,WGS84
2002S0012,2002-02-21,2002-03-05,Dinoflagellates,Prorocentrum minimum,Shing Mun River,22.3908034112684,114.202240973753,WGS84
2002S0013,2002-02-26,2002-03-02,Diatom,Eucampia zodiacus,East Lamma Channel,22.2302578273043,114.139359926606,WGS84
2002S0014,2002-03-11,2002-03-14,Others,Mesodinium rubrum,Deep Bay,22.4475709782932,113.939124414956,WGS84
2002S0015,2002-03-21,2002-03-24,Dinoflagellates,Noctiluca scintillans,Kat O Fisheries Research Station,22.5361904039796,114.302628135633,WGS84
2002S0016,2002-04-04,2002-04-09,Dinoflagellates,Heterocapsa circularisquama,Tolo Harbour,22.4510085000384,114.200270017294,WGS84
2002S0017,2002-04-06,2002-04-07,Others,Mesodinium rubrum,"Hung Shing Yeh Beach, Lamma Island",22.2184494716728,114.11957755711,WGS84
2002S0018,2002-04-22,2002-04-24,Dinoflagellates,Noctiluca scintillans,Deep Water Bay near Ocean Park,22.2368360471118,114.175804740677,WGS84
2002S0019,2002-04-23,2002-04-24,Dinoflagellates,Noctiluca scintillans,"Kwun Yam Wan Beach, Cheung Chau",22.2076091230882,114.03477289671,WGS84
2002S0020,2002-04-23,2002-04-24,Dinoflagellates,Noctiluca scintillans,"Stanley Main Beach, Hong Kong Island",22.2210053314224,114.215008111587,WGS84
2002S0021,2002-04-24,2002-04-25,Dinoflagellates,Noctiluca scintillans,"Hung Shing Yeh Beach, Lamma Island",22.2184720672599,114.119656808219,WGS84
2002S0022,2002-04-24,2002-04-25,Dinoflagellates,Noctiluca scintillans,"Lo So Shing Beach, Lamma Island",22.2044925892852,114.122016516168,WGS84
2002S0023,2002-04-29,2002-04-30,Dinoflagellates,Noctiluca scintillans,"Silver Mine Bay Beach, Lantau Island",22.270358868882,114.001308169604,WGS84
2002S0024,2002-06-01,2002-06-08,Dinoflagellates,Gyrodinium instriatum,Tuen Mun to Lantau Island East,22.3460782997354,114.0141220977,WGS84
2002S0025,2002-06-01,2002-06-08,Dinoflagellates,Gyrodinium instriatum,Beaches at Tuen Mun,22.3709944741758,113.978601860824,WGS84
2002S0026,2002-06-24,2002-06-27,Diatom,Skeletonema costatum,Northeast of Lantau Island,22.3033982022522,114.035850127891,WGS84
2002S0027,2002-06-24,2002-06-27,Diatom,Skeletonema costatum,South of Lantau,22.2157971969156,113.951596939108,WGS84
2002S0028,2002-07-03,2002-07-09,Diatom,Skeletonema costatum,East of Victoria Harbour,22.288214476245,114.230650244053,WGS84
2002S0029,2002-07-24,2002-07-27,Diatom,Chaetoceros pseudocurvisetus,West Lamma Channel,22.1820547490225,114.087943865873,WGS84
2002S0030,2002-07-25,2002-07-27,Diatom,Chaetoceros pseudocurvisetus,South of Lantau Island,22.2183830946184,113.958303466267,WGS84
2002S0031,2002-07-25,2002-07-27,Diatom,Chaetoceros pseudocurvisetus,South of Lantau Island,22.1671323306761,113.960326293123,WGS84
2002S0032,2002-10-04,2002-10-06,Dinoflagellates,Prorocentrum minimum,Shing Mun River,22.38224065175,114.194033818272,WGS84
2002S0033,2002-10-28,2002-10-29,Dinoflagellates,Prorocentrum minimum,Shing Mun River,22.3967762776875,114.207995167535,WGS84
2002S0034,2002-11-22,2002-11-26,Others,Plagioselmis prolonga,Shing Mun River,22.3812945427539,114.193151913622,WGS84
2002S0035,2002-12-11,2002-12-12,Others,Phaeocystis globosa,"Deep Water Bay Beach, Hong Kong Island",22.243527487728,114.187389764411,WGS84
2002S0036,2002-12-12,2002-12-14,Others,Phaeocystis globosa,"Deep Water Bay Beach, Hong Kong Island",22.2437153045107,114.187439902252,WGS84
2002S0037,2002-12-13,2002-12-21,Others,Phaeocystis globosa,Southern Waters of Hong Kong,22.2094536534534,114.081460498336,WGS84
2003S0001,2003-01-07,2003-01-09,Others,Mesodinium rubrum,Crooked Harbour (Kat O Hoi),22.5470627656629,114.276616168043,WGS84
2003S0002,2003-01-08,2003-01-16,Dinoflagellates,Prorocentrum minimum,Shing Mun River,22.3898536429402,114.201435820337,WGS84
2003S0003,2003-02-04,2003-02-08,Others,Mesodinium rubrum,"Ha Pak Nai, Yuen Long",22.4279428371199,113.937039883727,WGS84
2003S0004,2003-02-06,2003-02-10,Dinoflagellates,Prorocentrum minimum,Shing Mun River,22.3891329664871,114.200686379136,WGS84
2003S0005,2003-02-21,2003-02-22,Dinoflagellates,Prorocentrum minimum,Shing Mun River,22.3839241666786,114.19565969829,WGS84
2003S0006,2003-03-03,2003-03-05,Dinoflagellates,Prorocentrum minimum,Shing Mun River,22.3871782887759,114.198802565412,WGS84
2003S0007,2003-04-02,2003-04-07,Dinoflagellates,Noctiluca scintillans,Deep Water Bay near Ocean Park,22.2432475391316,114.179085893047,WGS84
2003S0008,2003-04-07,2003-04-14,Dinoflagellates,Prorocentrum dentatum,"Hebe Haven (Pak Sha Wan), Sai Kung",22.3626207734635,114.262594896115,WGS84
2003S0009,2003-04-08,2003-04-09,Dinoflagellates,Noctiluca scintillans,"Repulse Bay Beach, Hong Kong Island",22.2371709453976,114.194037017112,WGS84
2003S0010,2003-04-10,2003-04-11,Dinoflagellates,Karlodinium micrum,North Channel,22.5149501275248,114.338245629148,WGS84
2003S0011,2003-05-08,2003-05-09,Dinoflagellates,Noctiluca scintillans,Tolo Harbour near Wu Kai Sha,22.4400045002828,114.252414046468,WGS84
2003S0012,2003-06-06,2003-06-09,Dinoflagellates,Karenia mikimotoi,Tolo Harbour near Ma Liu Shui,22.4150295237429,114.218212209189,WGS84
2003S0013,2003-06-25,2003-07-08,Diatom,Chaetoceros curvisetus,Tseung Kwan O (Junk Bay),22.2881792811133,114.256615222463,WGS84
2003S0013,2003-06-25,2003-07-08,Diatom,Skeletonema costatum,Tseung Kwan O (Junk Bay),22.2881792811133,114.256615222463,WGS84
2003S0014,2003-07-14,2003-07-19,Diatom,Thalassiosira pseudonana,Shing Mun River,22.3835227121408,114.195290823457,WGS84
2003S0014,2003-07-14,2003-07-19,Diatom,Cyclotella caspia,Shing Mun River,22.3835227121408,114.195290823457,WGS84
2003S0015,2003-08-19,2003-08-28,Dinoflagellates,Scrippsiella trochoidea,Kat O Fish Culture Zone,22.5505216992436,114.281682537654,WGS84
2003S0016,2003-09-08,2003-09-11,Diatom,Thalassiosira nordenskioeldii,Starling Inlet (Sha Tau Kok Hoi),22.5487241952841,114.238823074372,WGS84
2003S0017,2003-09-10,2003-09-12,Diatom,Thalassiosira nordenskioeldii,Cheung Sha Wan Fish Culture Zone,22.2425602962295,114.019893482169,WGS84
2003S0018,2003-10-13,2003-10-14,Others,Trichodesmium thiebautii,Southeastern Waters of Hong Kong,22.2058661091937,114.427029266651,WGS84
2003S0018,2003-10-13,2003-10-14,Others,Trichodesmium erythraeum,Southeastern Waters of Hong Kong,22.2058661091937,114.427029266651,WGS84
2003S0019,2003-10-27,2003-10-31,Others,Chattonella sp.0310,Shing Mun River,22.3791185175733,114.191072978833,WGS84
2003S0019,2003-10-27,2003-10-31,Others,Chattonella marina,Shing Mun River,22.3791185175733,114.191072978833,WGS84
2003S0020,2003-11-10,2003-11-14,Dinoflagellates,Prorocentrum balticum,Shing Mun River,22.3971927455472,114.208373391537,WGS84
2003S0020,2003-11-10,2003-11-14,Dinoflagellates,Prorocentrum minimum,Shing Mun River,22.3971927455472,114.208373391537,WGS84
2004S0001,2004-01-02,2004-01-03,Diatom,Cylindrotheca closterium,Shing Mun River,22.3911673958422,114.202749087173,WGS84
2004S0001,2004-01-02,2004-01-03,Dinoflagellates,Prorocentrum minimum,Shing Mun River,22.3911673958422,114.202749087173,WGS84
2004S0002,2004-01-02,2004-01-03,Others,Phaeocystis globosa,"Deep Water Bay, Hong Kong Island",22.24368058221,114.187429830263,WGS84
2004S0003,2004-01-13,2004-01-14,Others,Chlamydomonas uva-maris,Shing Mun River,22.3780502303564,114.189929795573,WGS84
2004S0004,2004-01-15,2004-01-20,Others,Teleaulax acuta,Shing Mun River,22.3873970627089,114.19899686191,WGS84
2004S0005,2004-01-26,2004-02-13,Dinoflagellates,Heterocapsa circularisquama,Sha Tau Kok Fish Culture Zone,22.5369544592369,114.225337790182,WGS84
2004S0006,2004-02-20,2004-02-28,Dinoflagellates,Prorocentrum minimum,Shing Mun River,22.3836885626772,114.195405098161,WGS84
2004S0007,2004-02-21,2004-02-22,Others,Trichodesmium erythraeum,"Silverstrand Beach, Sai Kung",22.322767688371,114.272223446774,WGS84
2004S0008,2004-03-14,2004-03-20,Others,Trichodesmium erythraeum,"Silverstrand Beach, Sai Kung",22.3229991959398,114.272362208795,WGS84
2004S0009,2004-04-12,2004-04-15,Diatom,Skeletonema costatum,Starling Inlet (Sha Tau Kok Hoi),22.5370887598592,114.225483226048,WGS84
2004S0010,2004-05-26,2004-05-27,Others,Trichodesmium erythraeum,North of Ninepin Group ,22.2741902122497,114.349578363258,WGS84
2004S0011,2004-05-27,2004-05-28,Diatom,Skeletonema costatum,Deep Bay,22.4639997372452,113.95960715752,WGS84
2004S0012,2004-06-11,2004-06-12,Diatom,Chaetoceros socialis,South of Lantau Island,22.1961049737885,113.957599135429,WGS84
2004S0013,2004-06-16,2004-06-17,Others,Trichodesmium erythraeum,"Shek O Beach, Hong Kong Island",22.2279971302781,114.251154862905,WGS84
2004S0014,2004-06-16,2004-06-17,Others,Trichodesmium erythraeum,"Tai Long Wan, Sai Kung and Po Pin Chau",22.3526477862642,114.379131633663,WGS84
2004S0015,2004-06-18,2004-06-21,Others,Trichodesmium erythraeum,"Turtle Cove Beach, Hong Kong Island",22.2320695774519,114.223459486809,WGS84
2004S0016,2004-06-29,2004-07-01,Dinoflagellates,Gyrodinium instriatum,South of Lantau Island near Tong Fuk,22.2143828536673,113.937316808592,WGS84
2004S0017,2004-07-12,2004-07-13,Diatom,Thalassiosira nordenskioeldii,East and West Lamma Channels,22.2261078548259,114.145708840473,WGS84
2004S0017,2004-07-12,2004-07-13,Diatom,Skeletonema costatum,East and West Lamma Channels,22.2261078548259,114.145708840473,WGS84
2004S0018,2004-07-15,2004-07-16,Diatom,Thalassiosira nordenskioeldii,Sham Tseng to Ma Wan,22.3545632363122,114.052980028822,WGS84
2004S0019,2004-08-03,2004-08-07,Dinoflagellates,Prorocentrum micans,Sham Wan Fish Culture Zone,22.4393682805778,114.351792202088,WGS84
2004S0020,2004-08-07,2004-08-08,Dinoflagellates,Prorocentrum micans,Tolo Harbour,22.446191065798,114.202951076368,WGS84
2004S0020,2004-08-07,2004-08-08,Others,Chattonella marina,Tolo Harbour,22.446191065798,114.202951076368,WGS84
2004S0021,2004-08-09,2004-08-14,Dinoflagellates,Prorocentrum micans,Crooked Harbour and Tap Mun,22.4852546125963,114.345769839834,WGS84
2004S0022,2004-08-14,2004-08-21,Diatom,Skeletonema costatum,Ma Wan Fish Culture Zone,22.3520019170328,114.051622997829,WGS84
2004S0023,2004-08-18,2004-08-25,Dinoflagellates,Prorocentrum micans,Long Ke Wan and Pak Lap,22.3704493129439,114.380569936214,WGS84
2004S0024,2004-08-23,2004-08-28,Dinoflagellates,Prorocentrum micans,Northeastern Waters of Hong Kong,22.4258075786215,114.43085485927,WGS84
2004S0025,2004-08-27,2004-08-30,Others,Haematococcus pluvialis,Shing Mun River,22.3835648778375,114.195271660662,WGS84
2004S0026,2004-08-27,2004-08-31,Dinoflagellates,Prorocentrum micans,"Clear Water Bay Second beach, Sai Kung",22.2889854891719,114.289607341956,WGS84
2004S0027,2004-08-27,2004-08-31,Dinoflagellates,Prorocentrum micans,"Clear Water Bay First Beach, Sai Kung",22.2903207931717,114.292796858337,WGS84
2004S0028,2004-08-31,2004-09-20,Dinoflagellates,Prorocentrum micans,Tai Tau Chau and Kai Lung Wan Fish Culture Zones,22.370943304776,114.298910954775,WGS84
2004S0029,2004-09-01,2004-09-14,Dinoflagellates,Prorocentrum micans,Yung Shue Au to Kat O,22.5594009601186,114.280037735851,WGS84
2004S0031,2004-09-02,2004-09-07,Dinoflagellates,Prorocentrum micans,Sheung Sze Mun,22.2026227584467,114.255959003286,WGS84
2004S0030,2004-09-03,2004-09-06,Dinoflagellates,Prorocentrum micans,"Clear Water Bay First Beach, Sai Kung",22.2905915392241,114.291399215861,WGS84
2004S0032,2004-09-03,2004-09-06,Dinoflagellates,Prorocentrum micans,"Clear Water Bay Second beach, Sai Kung",22.2884709716465,114.289643677546,WGS84
2004S0033,2004-09-04,2004-09-12,Dinoflagellates,Prorocentrum micans,Victoria Harbour,22.2966240395383,114.220504697915,WGS84
2004S0034,2004-09-05,2004-09-10,Dinoflagellates,Prorocentrum micans,"Tai Tam Bay, Hong Kong Island",22.2167339911358,114.22904446699,WGS84
2004S0035,2004-09-07,2004-09-10,Dinoflagellates,Prorocentrum micans,"Turtle Cove Beach, Hong Kong Island",22.2324142113356,114.223442994474,WGS84
2004S0036,2004-09-08,2004-09-10,Dinoflagellates,Prorocentrum micans,O Pui Tong Fish Culture Zone,22.5429918611723,114.300744046678,WGS84
2004S0037,2004-09-08,2004-09-10,Dinoflagellates,Prorocentrum micans,"Hairpin Beach, Hong Kong Island",22.2240534774746,114.21537116063,WGS84
2004S0038,2004-09-08,2004-09-10,Dinoflagellates,Prorocentrum micans,"Stanley Main Beach, Hong Kong Island",22.2212786575416,114.216058783683,WGS84
2004S0039,2004-09-08,2004-09-14,Dinoflagellates,Prorocentrum micans,"Deep Water Bay, Hong Kong Island",22.2343108802556,114.177097617281,WGS84
2004S0040,2004-09-14,2004-09-15,Diatom,Thalassiosira mala,"Silver Mine Bay, Lantau Island",22.2679916533101,114.003705224913,WGS84
2004S0042,2004-09-14,2004-09-16,Dinoflagellates,Prorocentrum micans,"Deep Water Bay, Hong Kong Island",22.2317659783606,114.17516211856,WGS84
2004S0041,2004-09-14,2004-09-15,Dinoflagellates,Prorocentrum micans,"Clear Water Bay First Beach, Sai Kung",22.2909620763873,114.291306718617,WGS84
2004S0043,2004-09-21,2004-09-25,Others,Haematococcus pluvialis,Plover Cove (Shuen Wan Hoi),22.4699761844866,114.232443848919,WGS84
2004S0044,2004-10-04,2004-10-05,Others,Haematococcus pluvialis,Yim Tin Tsai (East) Fish Culture Zone,22.4534809585622,114.218271661414,WGS84
2004S0045,2004-11-11,2004-11-13,Diatom,Diadesmis sp.,Deep Bay,22.455829778773,113.967915580175,WGS84
2004S0046,2004-11-14,2004-11-15,Others,Trichodesmium erythraeum,Steep Island to Fat Tong Mun,22.2630066922399,114.307340859072,WGS84
2004S0047,2004-11-14,2004-11-15,Others,Trichodesmium erythraeum,"Ham Tin Wan to Tai Long Wan, Sai Kung",22.4025551361974,114.381918336581,WGS84
2004S0048,2004-12-27,2004-12-28,Dinoflagellates,Prorocentrum dentatum,"Tai Tam Bay, Hong Kong Island",22.2278290816732,114.219232751125,WGS84
2005S0001,2005-01-02,2005-01-05,Dinoflagellates,Noctiluca scintillans,"Hoi Ha Wan, Sai Kung",22.461451002585,114.329564441773,WGS84
2005S0002,2005-01-13,2005-01-15,Diatom,Thalassiosira weissflogii,Deep Bay,22.4567940573018,113.972552121195,WGS84
2005S0003,2005-01-19,2005-01-20,Dinoflagellates,Noctiluca scintillans,"Silverstrand Beach, Sai Kung",22.3229652549251,114.272185076546,WGS84
2005S0004,2005-01-23,2005-01-31,Dinoflagellates,Noctiluca scintillans,"Trio Beach, Sai Kung",22.3575494390343,114.268013550309,WGS84
2005S0008,2005-01-25,2005-01-30,Dinoflagellates,Noctiluca scintillans,"Hebe Haven (Pak Sha Wan), Sai Kung",22.3603856722046,114.258717221573,WGS84
2005S0007,2005-01-25,2005-01-26,Dinoflagellates,Noctiluca scintillans,Tolo Harbour near Yuen Chau Tsai,22.447418769797,114.177815706841,WGS84
2005S0005,2005-01-25,2005-01-29,Dinoflagellates,Noctiluca scintillans,Plover Cove (Shuen Wan Hoi) near Sha Lan,22.4606387907569,114.208968837173,WGS84
2005S0006,2005-01-26,2005-01-31,Dinoflagellates,Noctiluca scintillans,"Silverstrand Beach, Sai Kung",22.3228738675503,114.272135406064,WGS84
2005S0009,2005-01-28,2005-01-29,Dinoflagellates,Noctiluca scintillans,Tolo Harbour near Yuen Chau Tsai,22.4449921166055,114.178702504533,WGS84
2005S0010,2005-01-28,2005-01-31,Dinoflagellates,Noctiluca scintillans,Port Shelter near Kiu Tsui,22.3468872039234,114.296390035798,WGS84
2005S0011,2005-01-29,2005-01-31,Dinoflagellates,Noctiluca scintillans,"Hap Mun Bay Beach, Sai Kung",22.3570713213492,114.295232095332,WGS84
2005S0012,2005-01-29,2005-02-02,Others,Mesodinium rubrum,Chek Lap Kok and Sha Chau,22.3247254957284,113.910992227727,WGS84
2005S0013,2005-01-30,2005-02-02,Others,Mesodinium rubrum,Cheung Sha Wan Fish Culture Zone,22.2374730923346,114.009381522311,WGS84
2005S0014,2005-02-07,2005-02-09,Others,Plagioselmis prolonga,Sha Tin Hoi,22.4161855651712,114.220026977009,WGS84
2005S0014,2005-02-07,2005-02-09,Others,Heterosigma akashiwo,Sha Tin Hoi,22.4161855651712,114.220026977009,WGS84
2005S0014,2005-02-07,2005-02-09,Dinoflagellates,Heterocapsa rotundata,Sha Tin Hoi,22.4161855651712,114.220026977009,WGS84
2005S0015,2005-02-08,2005-02-09,Dinoflagellates,Heterocapsa rotundata,Yim Tin Tsai Fish Culture Zone,22.4532006486739,114.207355527263,WGS84
2005S0015,2005-02-08,2005-02-09,Others,Heterosigma akashiwo,Yim Tin Tsai Fish Culture Zone,22.4532006486739,114.207355527263,WGS84
2005S0015,2005-02-08,2005-02-09,Others,Plagioselmis prolonga,Yim Tin Tsai Fish Culture Zone,22.4532006486739,114.207355527263,WGS84
2005S0016,2005-02-15,2005-02-16,Dinoflagellates,Noctiluca scintillans,"Hebe Haven (Pak Sha Wan), Sai Kung and Ma Nam Wat",22.3702320769256,114.266497865734,WGS84
2005S0017,2005-02-16,2005-02-18,Dinoflagellates,Noctiluca scintillans,"Trio Beach, Sai Kung",22.3573283277951,114.267914359408,WGS84
2005S0018,2005-02-17,2005-02-19,Dinoflagellates,Noctiluca scintillans,Inner Port Shelter (Sai Kung Hoi),22.3732957193361,114.275144493339,WGS84
2005S0019,2005-02-23,2005-02-24,Dinoflagellates,Noctiluca scintillans,"Wong Shek Pier, Sai Kung",22.4349181226643,114.337174553088,WGS84
2005S0020,2005-03-17,2005-03-18,Dinoflagellates,Noctiluca scintillans,"Hoi Ha Wan, Sai Kung",22.4634301451522,114.33091186088,WGS84
2005S0021,2005-03-21,2005-03-24,Dinoflagellates,Noctiluca scintillans,Tung Ping Chau,22.5380125214099,114.432848763763,WGS84
2005S0022,2005-03-28,2005-03-29,Dinoflagellates,Noctiluca scintillans,Shing Mun River,22.398502986244,114.209218592954,WGS84
2005S0025,2005-03-29,2005-03-30,Dinoflagellates,Noctiluca scintillans,Tung Ping Chau,22.5546315356255,114.430480165487,WGS84
2005S0024,2005-03-29,2005-03-31,Dinoflagellates,Noctiluca scintillans,"Hoi Ha Wan, Sai Kung",22.46151325648,114.32949953064,WGS84
2005S0023,2005-03-29,2005-03-30,Dinoflagellates,Noctiluca scintillans,"Clear Water Bay First Beach, Sai Kung",22.2907654246353,114.293439434339,WGS84
2005S0026,2005-04-07,2005-04-09,Dinoflagellates,Noctiluca scintillans,Tung Ping Chau,22.544669296032,114.433301485215,WGS84
2005S0027,2005-04-09,2005-04-12,Dinoflagellates,Noctiluca scintillans,"Clear Water Bay First Beach, Sai Kung",22.2907661469242,114.293991406827,WGS84
2005S0027,2005-04-09,2005-04-12,Dinoflagellates,Prorocentrum balticum,"Clear Water Bay First Beach, Sai Kung",22.2907661469242,114.293991406827,WGS84
2005S0028,2005-04-29,2005-05-01,Others,Heterosigma akashiwo,Yim Tin Tsai Fish Culture Zone,22.4552262409358,114.204338348971,WGS84
2005S0030,2005-05-02,2005-05-04,Dinoflagellates,Noctiluca scintillans,"Hung Shing Yeh Beach, Lamma Island",22.2188925118537,114.119869037012,WGS84
2005S0029,2005-05-02,2005-05-04,Dinoflagellates,Noctiluca scintillans,"Lo So Shing Beach, Lamma Island",22.2044640432742,114.12242067383,WGS84
2005S0031,2005-05-02,2005-05-04,Dinoflagellates,Noctiluca scintillans,South of Po Toi Islands,22.1546451210371,114.255007900162,WGS84
2005S0032,2005-05-02,2005-05-03,Dinoflagellates,Noctiluca scintillans,"Castle Peak Bay, Tuen Mun",22.3710355358749,113.973384062403,WGS84
2005S0033,2005-05-03,2005-05-05,Dinoflagellates,Prorocentrum dentatum,Shing Mun River,22.378426406343,114.19036552104,WGS84
2005S0034,2005-05-04,2005-05-06,Others,Heterosigma akashiwo,Shing Mun River,22.3875818329302,114.20616575138,WGS84
2005S0035,2005-05-05,2005-05-06,Dinoflagellates,Noctiluca scintillans,"Stanley Bay, Hong Kong Island",22.2183404025001,114.211007357891,WGS84
2005S0036,2005-05-08,2005-05-09,Dinoflagellates,Noctiluca scintillans,"Hap Mun Bay Beach, Sai Kung",22.3568714987184,114.295360846278,WGS84
2005S0037,2005-05-08,2005-05-09,Dinoflagellates,Noctiluca scintillans,"Clear Water Bay First Beach, Sai Kung",22.2906599032781,114.291434322322,WGS84
2005S0038,2005-05-08,2005-05-09,Dinoflagellates,Noctiluca scintillans,"Clear Water Bay Second beach, Sai Kung",22.2875659887814,114.288490921315,WGS84
2005S0039,2005-06-10,2005-06-11,Dinoflagellates,Noctiluca scintillans,Tolo Channel,22.4603007387624,114.297522106554,WGS84
2005S0040,2005-06-30,2005-07-01,Diatom,Skeletonema costatum,Cheung Sha Wan Fish Culture Zone,22.2439931181695,114.010078125679,WGS84
2005S0040,2005-06-30,2005-07-01,Diatom,Thalassiosira nordenskioeldii,Cheung Sha Wan Fish Culture Zone,22.2439931181695,114.010078125679,WGS84
2005S0041,2005-09-05,2005-09-07,Dinoflagellates,Ceratium furca,Inner Port Shelter (Sai Kung Hoi),22.3627493010348,114.276787913224,WGS84
2005S0042,2005-09-06,2005-09-13,Others,Phaeocystis globosa,"Silver Mine Bay Beach, Lantau Island",22.268322837206,114.000759854961,WGS84
2005S0043,2005-09-15,2005-09-17,Dinoflagellates,Ceratium furca,Yim Tin Tsai Fish Culture Zone,22.45481070244,114.209175082223,WGS84
2005S0044,2005-09-21,2005-09-22,Dinoflagellates,Ceratium furca,Tai Tau Chau Fish Culture Zone,22.3693279071524,114.321042355466,WGS84
2005S0046,2005-09-27,2005-09-30,Dinoflagellates,Ceratium furca,Port Shelter,22.3251133477208,114.275982468148,WGS84
2005S0045,2005-09-27,2005-10-02,Dinoflagellates,Ceratium furca,Yim Tin Tsai Fish Culture Zone,22.4538551218961,114.207159703164,WGS84
2005S0047,2005-09-29,2005-10-02,Dinoflagellates,Ceratium furca,"Tai Mei Tuk, Tai Po",22.4670441743822,114.232372284824,WGS84
2005S0048,2005-10-04,2005-10-06,Dinoflagellates,Ceratium furca,Port Shelter,22.3319569886553,114.298816097246,WGS84
2005S0049,2005-10-19,2005-10-20,Dinoflagellates,Ceratium furca,Port Shelter,22.3489294731939,114.292899102138,WGS84
2005S0050,2005-10-19,2005-10-24,Dinoflagellates,Ceratium furca,Tolo Harbour and Tolo Channel,22.4531161958386,114.23766940542,WGS84
2005S0051,2005-10-24,2005-10-25,Dinoflagellates,Ceratium furca,Yim Tin Tsai East Fish Culture Zone,22.4551945711779,114.22205471333,WGS84
2005S0052,2005-10-26,2005-12-16,Dinoflagellates,Ceratium furca,Tolo Harbour and Tolo Channel,22.4468324490526,114.250880066509,WGS84
2005S0053,2005-11-01,2005-12-16,Dinoflagellates,Ceratium furca,Yim Tin Tsai Fish Culture Zone,22.4554233112166,114.206877112016,WGS84
2005S0054,2005-11-02,2005-12-16,Dinoflagellates,Ceratium furca,Tolo Harbour,22.4351816564085,114.207980139743,WGS84
2005S0055,2005-11-12,2005-11-15,Dinoflagellates,Cochlodinium spp.,"Castle Peak Bay, Tuen Mun",22.3691736978106,113.971836113384,WGS84
2005S0056,2005-11-28,2005-11-30,Others,Mesodinium rubrum,South of Lantau Island,22.221943489325,113.953972274178,WGS84
2005S0057,2005-12-02,2005-12-03,Others,Mesodinium rubrum,"Cyberport, Hong Kong Island",22.2538256624351,114.123996065854,WGS84
2005S0058,2005-12-06,2005-12-07,Others,Phaeocystis globosa,Starling Inlet (Sha Tau Kok Hoi),22.5291267989245,114.208671369888,WGS84
2006S0001,2006-01-09,2006-01-11,Dinoflagellates,Noctiluca scintillans,"Hoi Ha Wan, Sai Kung",22.4616143120269,114.327862817307,WGS84
2006S0002,2006-01-16,2006-01-19,Dinoflagellates,Noctiluca scintillans,"Silverstrand Beach, Sai Kung",22.3229756382371,114.272647729953,WGS84
2006S0003,2006-01-19,2006-01-20,Dinoflagellates,Noctiluca scintillans,"Tung Wan Beach, Cheung Chau ",22.2089076975328,114.031262510967,WGS84
2006S0005,2006-01-19,2006-01-23,Others,Phaeocystis globosa,"Deep Water Bay, Hong Kong Island",22.2325020047428,114.174301722113,WGS84
2006S0004,2006-01-19,2006-01-20,Dinoflagellates,Noctiluca scintillans,"Sheung Sze Wan, Sai Kung",22.3044815488401,114.293693440664,WGS84
2006S0006,2006-01-25,2006-02-09,Others,Phaeocystis globosa,"Deep Water Bay Beach, Hong Kong Island",22.2453257506731,114.186634037546,WGS84
2006S0007,2006-01-25,2006-01-26,Others,Phaeocystis globosa,"Repulse Bay, Hong Kong Island",22.2372750709085,114.195097331157,WGS84
2006S0008,2006-01-26,2006-02-02,Others,Phaeocystis globosa,"Silver Mine Bay Beach, Lantau Island",22.2697748023687,113.999410912857,WGS84
2006S0009,2006-02-01,2006-02-02,Dinoflagellates,Noctiluca scintillans,"Silverstrand Beach, Sai Kung",22.3229065765762,114.272411084418,WGS84
2006S0010,2006-02-15,2006-02-20,Others,Phaeocystis globosa,Deep Bay,22.4957938325063,114.000384146199,WGS84
2006S0011,2006-03-23,2006-03-24,Dinoflagellates,Noctiluca scintillans,"Clear Water Bay First Beach, Sai Kung",22.2910752359491,114.291617911264,WGS84
2006S0012,2006-03-26,2006-03-29,Dinoflagellates,Noctiluca scintillans,"Silverstrand Beach, Sai Kung",22.3223909399628,114.273248880119,WGS84
2006S0012,2006-03-26,2006-03-29,Others,Dictyocha octonaria,"Silverstrand Beach, Sai Kung",22.3223909399628,114.273248880119,WGS84
2006S0013,2006-03-31,2006-04-01,Dinoflagellates,Ceratium furca,Yim Tin Tsai Fish Culture Zone,22.454131827403,114.207617345208,WGS84
2006S0014,2006-04-01,2006-04-02,Dinoflagellates,Noctiluca scintillans,"Clear Water Bay First Beach, Sai Kung",22.2908015208552,114.291537309674,WGS84
2006S0015,2006-04-04,2006-04-05,Dinoflagellates,Noctiluca scintillans,"Clear Water Bay Second beach, Sai Kung",22.291186831174,114.291292665889,WGS84
2006S0016,2006-06-08,2006-06-10,Diatom,Skeletonema costatum,"Discovery Bay, Lantau Island",22.3036112048334,114.045343739376,WGS84
2006S0017,2006-06-23,2006-06-28,Diatom,Skeletonema costatum,Ma Wan Fish Culture Zone,22.3524067990201,114.047517207632,WGS84
2006S0018,2006-11-06,2006-11-08,Dinoflagellates,Ceratium furca,Sha Tin Hoi,22.4105439645075,114.214549514033,WGS84
2006S0019,2006-11-07,2006-11-09,Dinoflagellates,Ceratium furca,Shing Mun River,22.3896877491509,114.204102921458,WGS84
2006S0020,2006-11-08,2006-11-21,Dinoflagellates,Ceratium furca,Tolo Harbour,22.4568629300881,114.206317128691,WGS84
2006S0021,2006-11-11,2006-11-22,Dinoflagellates,Cochlodinium spp.,"Castle Peak Bay, Tuen Mun",22.3672671138243,113.961322540185,WGS84
2006S0022,2006-11-12,2006-11-21,Dinoflagellates,Cochlodinium spp.,Ma Wan Fish Culture Zone,22.3506490910558,114.056476040938,WGS84
2006S0023,2006-11-13,2006-11-22,Dinoflagellates,Cochlodinium spp.,"Golden Beach, Tuen Mun",22.3703388116179,113.988552146428,WGS84
2007S0001,2007-01-30,2007-02-05,Others,Heterosigma akashiwo,"Nim Wan, Tuen Mun",22.4284587650455,113.932086448576,WGS84
2007S0002,2007-02-12,2007-02-13,Dinoflagellates,Noctiluca scintillans,Ma Wan ,22.352042728259,114.057241977287,WGS84
2007S0004,2007-02-14,2007-02-21,Dinoflagellates,Noctiluca scintillans,East Lamma Channel,22.2388573290707,114.128365417546,WGS84
2007S0003,2007-02-14,2007-02-16,Dinoflagellates,Noctiluca scintillans,"Nim Wan, Tuen Mun",22.4257548996019,113.932840801316,WGS84
2007S0005,2007-03-13,2007-03-15,Dinoflagellates,Noctiluca scintillans,"Long Harbour (Tai Tan Hoi), Tai, Po",22.4677247843816,114.351229324204,WGS84
2007S0007,2007-04-02,2007-04-03,Dinoflagellates,Akashiwo sanguinea,"Silver Mine Bay Beach, Lantau Island",22.27020925222,113.999572562403,WGS84
2007S0006,2007-04-02,2007-04-03,Dinoflagellates,Akashiwo sanguinea,"Castle Peak Bay, Tuen Mun",22.3581391214304,113.975269800053,WGS84
2007S0008,2007-05-15,2007-05-17,Others,Trichodesmium erythraeum,Tung Ping Chau,22.5384873905627,114.419483818136,WGS84
2007S0009,2007-05-31,2007-06-12,Dinoflagellates,Cochlodinium spp.,Ma Wan Fish Culture Zone,22.3482034946194,114.038169842219,WGS84
2007S0010,2007-06-04,2007-06-12,Dinoflagellates,Cochlodinium spp.,Beaches on HK Island South,22.2284492672328,114.193606401168,WGS84
2007S0011,2007-06-05,2007-06-13,Dinoflagellates,Cochlodinium spp.,Tuen Mun Beaches ,22.3645182870342,113.97359913984,WGS84
2007S0012,2007-06-05,2007-06-12,Dinoflagellates,Cochlodinium spp.,Ma Wan ,22.342058664188,114.078695851635,WGS84
2007S0013,2007-06-05,2007-06-12,Dinoflagellates,Cochlodinium spp.,East Lamma Channel,22.253064142971,114.11820278023,WGS84
2007S0014,2007-06-05,2007-06-12,Dinoflagellates,Cochlodinium spp.,Lo Tik Wan and Sok Kwu Wan Fish Culture Zones,22.2105704660913,114.134685199479,WGS84
2007S0016,2007-06-05,2007-06-13,Dinoflagellates,Cochlodinium spp.,"Yung Shue Wan, Lamma Island",22.2275120506982,114.105837519191,WGS84
2007S0015,2007-06-05,2007-06-12,Dinoflagellates,Cochlodinium spp.,West Kowloon Water Front,22.3108918179289,114.152144882222,WGS84
2007S0020,2007-06-06,2007-06-13,Dinoflagellates,Cochlodinium spp.,"St. Stephen's Beach, Stanley, Hong Kong Island",22.2125596055538,114.214626154589,WGS84
2007S0017,2007-06-06,2007-06-13,Dinoflagellates,Cochlodinium spp.,"Hung Shing Yeh Beach, Lamma Island",22.2180415275279,114.118964184789,WGS84
2007S0018,2007-06-06,2007-06-12,Dinoflagellates,Cochlodinium spp.,North of Lantau Island,22.3227583296733,113.894412659251,WGS84
2007S0019,2007-06-06,2007-06-12,Dinoflagellates,Cochlodinium spp.,Victoria Harbour near Quarry Bay,22.288657535838,114.228909253273,WGS84
2007S0021,2007-06-07,2007-06-12,Dinoflagellates,Cochlodinium spp.,Victoria Harbour,22.2772816346652,114.091484084812,WGS84
2007S0022,2007-06-07,2007-06-12,Dinoflagellates,Cochlodinium spp.,Tung Lung Chau Fish Culture Zone,22.2566666929047,114.281984200307,WGS84
2007S0023,2007-06-07,2007-06-13,Dinoflagellates,Cochlodinium spp.,Ma Wan Tung Wan Beach,22.3502239689668,114.063021899366,WGS84
2007S0024,2007-06-08,2007-06-11,Dinoflagellates,Cochlodinium spp.,"Lung Kwu Tan, Tuen Mun",22.3890988460818,113.903429853966,WGS84
2007S0026,2007-06-09,2007-06-12,Dinoflagellates,Cochlodinium spp.,"Shek O Beach, Hong Kong Island",22.2284035398763,114.251545935748,WGS84
2007S0025,2007-06-09,2007-06-13,Dinoflagellates,Cochlodinium spp.,"Turtle Cove Beach, Hong Kong Island",22.2322945243361,114.223580257806,WGS84
2007S0027,2007-06-10,2007-06-12,Dinoflagellates,Cochlodinium spp.,"Tai Tam Bay and Stanley Main Beach, Hong Kong Island",22.2123960716908,114.22952312598,WGS84
2007S0028,2007-06-11,2007-06-12,Dinoflagellates,Cochlodinium spp.,"Big Wave Bay Beach, Hong Kong Island",22.2458559307962,114.247495667728,WGS84
2007S0029,2007-07-10,2007-07-13,Diatom,Skeletonema costatum,Victoria Harbour,22.3009945914529,114.139386130637,WGS84
2007S0030,2007-07-11,2007-07-25,Diatom,Skeletonema costatum,East of Lamma Island,22.2573109741481,114.115462664769,WGS84
2007S0031,2007-07-11,2007-07-15,Diatom,Skeletonema costatum,Eastern Waters of Hong Kong Island,22.2460674843545,114.418799960448,WGS84
2007S0032,2007-07-12,2007-07-26,Diatom,Skeletonema costatum,Southern East Waters of Hong Kong Island,22.1876008466278,114.172304809586,WGS84
2007S0033,2007-07-19,2007-07-28,Diatom,Skeletonema costatum,"South of Lantau Island, Cheung Chau",22.2099488609196,114.011246029562,WGS84
2007S0034,2007-11-13,2007-11-15,Dinoflagellates,Cochlodinium spp.,"Nim Wan, Tuen Mun",22.4257569812624,113.932688493421,WGS84
2007S0036,2007-11-16,2007-11-20,Dinoflagellates,Scrippsiella trochoidea,Shing Mun River,22.397725812987,114.208941220572,WGS84
2007S0035,2007-11-16,2007-11-29,Others,Mesodinium rubrum,Port Shelter near The Hong Kong University of Science and Technology,22.3406847264766,114.268987398418,WGS84
2007S0037,2007-11-30,2007-12-03,Others,Trichodesmium erythraeum,"Silverstrand Beach, Sai Kung",22.3232918108414,114.272627523919,WGS84
2007S0038,2007-12-12,2007-12-14,Others,Mesodinium rubrum,"Tai Tam Bay, Hong Kong Island",22.2285349021538,114.23186643417,WGS84
2007S0039,2007-12-17,2007-12-19,Dinoflagellates,Noctiluca scintillans,Port Shelter ,22.3093247199677,114.294431110445,WGS84
2007S0040,2007-12-19,2007-12-20,Dinoflagellates,Noctiluca scintillans,"Silverstrand Beach, Sai Kung",22.3232356810813,114.272650751424,WGS84
2007S0041,2007-12-21,2007-12-23,Dinoflagellates,Noctiluca scintillans,Eastern Waters of Hong Kong near Big Wave Bay,22.2435303670662,114.254300803894,WGS84
2007S0042,2007-12-22,2007-12-23,Dinoflagellates,Noctiluca scintillans,Stanley Main Beach Sports Water Centre,22.2199690463097,114.214360977919,WGS84
2007S0043,2007-12-22,2007-12-23,Dinoflagellates,Noctiluca scintillans,"Stanley Main Beach, Hong Kong Island",22.2206577114331,114.21505152791,WGS84
2007S0044,2007-12-22,2007-12-24,Dinoflagellates,Noctiluca scintillans,"Deep Water Bay Beach, Hong Kong Island",22.2451861623235,114.186194783135,WGS84
2008S0001,2008-01-04,2008-01-21,Others,Phaeocystis globosa,"Deep Water Bay Beach, Hong Kong Island",22.2442018320018,114.187164068123,WGS84
2008S0002,2008-01-06,2008-01-14,Dinoflagellates,Noctiluca scintillans,Three Fathoms Cove (Kei Ling Ha Hoi),22.433965946008,114.283022963652,WGS84
2008S0003,2008-01-08,2008-01-14,Dinoflagellates,Noctiluca scintillans,Tolo Channel,22.4761878501573,114.312247750093,WGS84
2008S0004,2008-01-08,2008-01-11,Dinoflagellates,Prorocentrum dentatum,O Pui Tong Fish Culture Zone,22.545506863159,114.297559521768,WGS84
2008S0005,2008-01-11,2008-01-12,Dinoflagellates,Noctiluca scintillans,"Stanley Main Beach, Hong Kong Island",22.2204403618407,114.215007279706,WGS84
2008S0006,2008-01-12,2008-01-15,Dinoflagellates,Noctiluca scintillans,Port Shelter ,22.3391156042693,114.273872752502,WGS84
2008S0007,2008-02-21,2008-03-03,Dinoflagellates,Noctiluca scintillans,Tolo Harbour,22.4543543622924,114.204697459848,WGS84
2008S0008,2008-02-22,2008-02-25,Dinoflagellates,Noctiluca scintillans,Shing Mun River,22.388329975265,114.205306118984,WGS84
2008S0009,2008-03-05,2008-03-12,Diatom,Skeletonema costatum,Deep Bay,22.4666898377297,113.9726403255,WGS84
2008S0010,2008-03-11,2008-03-14,Dinoflagellates,Noctiluca scintillans,Sha Tin Hoi,22.4098289063117,114.218226480629,WGS84
2008S0011,2008-03-19,2008-03-22,Others,Mesodinium rubrum,Ma Wan Fish Culture Zone,22.3523744737173,114.054843760075,WGS84
2008S0012,2008-03-27,2008-04-01,Dinoflagellates,Noctiluca scintillans,Clear Water Bay First and Second Beach,22.2889288358088,114.289639532697,WGS84
2008S0013,2008-03-27,2008-03-31,Dinoflagellates,Noctiluca scintillans,Rocky Harbour (Leung Shuen Wan Hoi),22.3325111541815,114.368687611575,WGS84
2008S0014,2008-03-30,2008-03-31,Dinoflagellates,Noctiluca scintillans,"Hap Mun Bay Beach, Sai Kung",22.3564187573373,114.295748551517,WGS84
2008S0015,2008-04-02,2008-04-07,Dinoflagellates,Noctiluca scintillans,"Silverstrand Beach, Sai Kung",22.3229655281021,114.27279345203,WGS84
2008S0016,2008-04-03,2008-04-07,Dinoflagellates,Noctiluca scintillans,"Tai Hang Hau, Sai Kung",22.30457446456,114.293906502364,WGS84
2008S0017,2008-04-10,2008-04-11,Others,Fibrocapsa japonica,"Silver Mine Bay Beach, Lantau Island",22.2706137744441,114.000331579391,WGS84
2008S0018,2008-04-22,2008-04-24,Others,Fibrocapsa japonica,Inner Port Shelter (Sai Kung Hoi),22.3816052925588,114.278613759497,WGS84
2008S0019,2008-05-31,2008-06-01,Dinoflagellates,Noctiluca scintillans,"Lo So Shing Beach, Lamma Island",22.2043791989788,114.121987902487,WGS84
2008S0020,2008-06-10,2008-06-17,Diatom,Skeletonema costatum,Cape D'Aguilar (Hok Tsui),22.2074830654666,114.262482577621,WGS84
2008S0021,2008-06-22,2008-07-07,Diatom,Thalassiosira tealata,West Lamma Channel,22.2314883685092,114.080389485677,WGS84
2008S0022,2008-11-25,2008-11-27,Others,Mesodinium rubrum,Po Toi O Fish Culture Zone,22.2749824918977,114.2940627882,WGS84
2008S0023,2008-12-03,2008-12-05,Others,Mesodinium rubrum,"Deep Water Bay, Hong Kong Island",22.2356568230872,114.17659167728,WGS84
2009S0001,2009-02-10,2009-02-16,Others,Mesodinium rubrum,Sham Tseng,22.3599744628436,114.068351731479,WGS84
2009S0002,2009-02-12,2009-02-16,Others,Mesodinium rubrum,Tuen Mun Pier,22.3675834255556,113.973934884514,WGS84
2009S0003,2009-02-14,2009-02-17,Dinoflagellates,Noctiluca scintillans,Kai Lung Wan including Kai Lung Wan Fish Culture Zone,22.3772915778103,114.29555109538,WGS84
2009S0004,2009-02-14,2009-02-16,Dinoflagellates,Noctiluca scintillans,"Stanley Main Beach, Hong Kong Island",22.2201879677046,114.214831725088,WGS84
2009S0005,2009-02-14,2009-02-16,Dinoflagellates,Noctiluca scintillans,"Deep Water Bay Beach, Hong Kong Island",22.2435417636858,114.187551273012,WGS84
2009S0006,2009-02-20,2009-02-25,Others,Mesodinium rubrum,Chek Lap Kok near The Brothers,22.3405779865544,113.948397852828,WGS84
2009S0007,2009-02-24,2009-03-03,Dinoflagellates,Noctiluca scintillans,"Clear Water Bay Second beach, Sai Kung",22.2877590421312,114.288613652676,WGS84
2009S0009,2009-02-24,2009-02-27,Dinoflagellates,Noctiluca scintillans,Po Toi O Fish Culture Zone,22.2757876281741,114.294423040559,WGS84
2009S0008,2009-02-24,2009-03-03,Dinoflagellates,Noctiluca scintillans,"Clear Water Bay First Beach, Sai Kung",22.2906484270382,114.29116305792,WGS84
2009S0012,2009-02-25,2009-02-27,Dinoflagellates,Noctiluca scintillans,"Tso Wo Hang, Inner Port Shelter",22.3937069754881,114.288118045738,WGS84
2009S0010,2009-02-25,2009-03-09,Dinoflagellates,Noctiluca scintillans,"Silverstrand Beach, Sai Kung",22.3230562786605,114.272759144386,WGS84
2009S0011,2009-02-26,2009-03-02,Dinoflagellates,Gonyaulax polygramma,Kau Sai Fish Culture Zone,22.3414214059333,114.315064421287,WGS84
2009S0013,2009-03-08,2009-03-10,Dinoflagellates,Noctiluca scintillans,"Hoi Ha Wan, Sai Kung",22.4645793474627,114.333934941323,WGS84
2009S0014,2009-03-15,2009-03-18,Others,Heterosigma akashiwo,Yim Tin Tsai Fish Culture Zone,22.4463182404803,114.202846540039,WGS84
2009S0015,2009-03-17,2009-03-23,Others,Heterosigma akashiwo,Shing Mun River,22.3917325884647,114.203141564052,WGS84
2009S0016,2009-03-23,2009-03-28,Dinoflagellates,Karenia digitata,"Silver Mine Bay Beach, Lantau Island",22.2695630348787,113.999460982762,WGS84
2009S0017,2009-03-25,2009-03-26,Dinoflagellates,Gonyaulax polygramma,"Clear Water Bay, Sai Kung",22.2803144055391,114.297397447626,WGS84
2009S0018,2009-04-06,2009-04-09,Others,Plagioselmis prolonga,Shing Mun River ,22.3812790168708,114.193086134544,WGS84
2009S0019,2009-05-13,2009-05-14,Dinoflagellates,Noctiluca scintillans,"Sham Wan, Lamma Island",22.1914769690535,114.136175162809,WGS84
2009S0020,2009-07-09,2009-07-15,Diatom,Skeletonema costatum,Lo Tik Wan Fish Culture Zone,22.2339255211516,114.136732492773,WGS84
2009S0020,2009-07-09,2009-07-15,Diatom,Pseudo-nitzschia spp.,Lo Tik Wan Fish Culture Zone,22.2339255211516,114.136732492773,WGS84
2009S0021,2009-10-29,2009-11-01,Dinoflagellates,Protopolykrikos distortus,"Castle Peak Bay, Tuen Mun",22.3549951958275,114.000287913027,WGS84
2009S0022,2009-11-06,2009-12-03,Others,Phaeocystis globosa,"Deep Water Bay Beach, Hong Kong Island",22.2444560076106,114.18705041283,WGS84
2009S0023,2009-11-08,2009-11-23,Others,Phaeocystis globosa,"Middle Bay Beach, Hong Kong Island",22.2309126260914,114.197577353618,WGS84
2009S0024,2009-11-10,2009-11-23,Others,Phaeocystis globosa,"Silvermine Bay Beach, Lantau Island",22.2121959443,114.030095496459,WGS84
2009S0025,2009-11-10,2009-11-16,Others,Trichodesmium erythraeum,"Silverstrand Beach, Sai Kung",22.3232045139407,114.272670433776,WGS84
2009S0026,2009-11-15,2009-12-03,Others,Phaeocystis globosa,Rambler Channel,22.3570734896133,114.111216840514,WGS84
2009S0027,2009-11-20,2009-12-03,Others,Phaeocystis globosa,Southern of Lantau Island,22.2249038923027,114.046847919895,WGS84
2009S0028,2009-11-23,2009-12-03,Others,Phaeocystis globosa,Tseung Kwan O near Oscar by the Sea,22.3081842580566,114.264981185652,WGS84
2009S0029,2009-11-23,2009-12-03,Others,Phaeocystis globosa,"Ha Pak Nai, Yuen Long",22.425089009289,113.938719376522,WGS84
2009S0030,2009-12-28,2010-01-11,Others,Phaeocystis globosa,"Deep Water Bay Beach, Hong Kong Island",22.2440210376201,114.18658306618,WGS84
2009S0031,2009-12-30,2010-01-11,Dinoflagellates,Karenia papilionacea,Tai Tau Chau Fish Culture Zone,22.368469148479,114.322646658776,WGS84
2010S0001,2010-01-17,2010-02-02,Dinoflagellates,Noctiluca scintillans,"Ma Shi Chau to Lo Fu Wat, Tolo Harbour",22.4481320730551,114.243223687353,WGS84
2010S0002,2010-01-20,2010-01-25,Dinoflagellates,Noctiluca scintillans,Shing Mun River,22.3973911619018,114.20929590018,WGS84
2010S0003,2010-01-21,2010-02-02,Dinoflagellates,Noctiluca scintillans,Yan Chau Tong,22.5235235810673,114.297968801212,WGS84
2010S0004,2010-01-24,2010-01-26,Dinoflagellates,Noctiluca scintillans,Sha Tin Hoi ,22.4179135714686,114.222280385133,WGS84
2010S0005,2010-01-24,2010-02-01,Dinoflagellates,Noctiluca scintillans,"Little Palm Beach, Sai Kung",22.320356898902,114.287637061478,WGS84
2010S0006,2010-01-27,2010-01-29,Others,Mesodinium rubrum,"Clear Water Bay Second beach, Sai Kung",22.2872104826196,114.289272701548,WGS84
2010S0007,2010-01-31,2010-02-03,Dinoflagellates,Noctiluca scintillans,Tung Ping Chau near Cham Keng Chau,22.5475194601075,114.42516320569,WGS84
2010S0008,2010-02-22,2010-02-24,Dinoflagellates,Noctiluca scintillans,Double Haven (Yan Chau Tong),22.5159943298421,114.289394924077,WGS84
2010S0009,2010-02-24,2010-03-09,Dinoflagellates,Akashiwo sanguinea,Double Haven (Yan Chau Tong),22.5230154530106,114.296797677284,WGS84
2010S0010,2010-03-15,2010-03-17,Dinoflagellates,Noctiluca scintillans,"Clear Water Bay Second beach, Sai Kung",22.2868114443147,114.28832039074,WGS84
2010S0012,2010-03-15,2010-03-19,Dinoflagellates,Noctiluca scintillans,"Tai Mong Tsai, Sai Kung",22.3883857119063,114.296350467056,WGS84
2010S0011,2010-03-15,2010-03-17,Dinoflagellates,Noctiluca scintillans,"Clear Water Bay First Beach, Sai Kung",22.2908894928088,114.291313151469,WGS84
2010S0013,2010-03-15,2010-03-21,Dinoflagellates,Noctiluca scintillans,"Hoi Ha Wan, Sai Kung",22.4782916525654,114.324047692682,WGS84
2010S0014,2010-04-04,2010-04-08,Dinoflagellates,Noctiluca scintillans,"Silver Mine Bay Beach, Lantau Island",22.269589476986,113.999056627049,WGS84
2010S0015,2010-05-07,2010-05-08,Others,Mesodinium rubrum,"Castle Peak Beach, Tuen Mun",22.378489577673,113.979230651014,WGS84
2010S0016,2010-07-05,2010-07-08,Diatom,Thalassiosira tealata,Eastern Waters of Lantau Island ,22.1830088052067,114.03868937706,WGS84
2010S0017,2010-08-02,2010-08-24,Dinoflagellates,Scrippsiella trochoidea,"Sha Tau Kok Hoi and Crooked Harbour including OPT, SLK, AC, KO and STK FCZs",22.544093464812,114.269411944618,WGS84
2010S0018,2010-08-09,2010-08-24,Dinoflagellates,Scrippsiella trochoidea,"Tolo Habour and Tolo Channel including YTT, YE, LFW FCZs",22.4485963577225,114.266317937301,WGS84
2010S0019,2010-09-07,2010-09-09,Dinoflagellates,Scrippsiella trochoidea,"Clear Water Bay First Beach, Sai Kung",22.2907088918936,114.291603948898,WGS84
2010S0020,2010-09-07,2010-09-09,Dinoflagellates,Scrippsiella trochoidea,"Hap Mun Bay Beach, Sai Kung",22.3564379763275,114.295647405068,WGS84
2010S0021,2010-09-10,2010-09-20,Dinoflagellates,Scrippsiella trochoidea,"Hap Mun Bay Beach, Sai Kung",22.3567720083196,114.295731676934,WGS84
2010S0022,2010-09-15,2010-09-20,Dinoflagellates,Scrippsiella trochoidea,"Clear Water Bay Second beach, Sai Kung",22.288240855874,114.290777945087,WGS84
2010S0023,2010-09-16,2010-09-21,Dinoflagellates,Scrippsiella trochoidea,"Clear Water Bay First Beach, Sai Kung",22.2906592850473,114.291695688537,WGS84
2010S0024,2010-10-06,2010-10-18,Dinoflagellates,Karenia mikimotoi,Sha Tau Kok Hoi and Crooked Harbour including STK and KO FCZs,22.5529301313861,114.243769829874,WGS84
2010S0025,2010-10-06,2010-10-25,Dinoflagellates,Karenia mikimotoi,Tolo Channel (Yim Tin Tsai to Tap Mun FCZs),22.4543433698779,114.278351803175,WGS84
2010S0026,2010-10-13,2010-10-22,Dinoflagellates,Karenia mikimotoi,Wu Kai Sha Pier,22.4317364438319,114.231501425032,WGS84
2010S0027,2010-10-18,2010-11-01,Diatom,Chaetoceros salsugineum,Starling Inlet (Sha Tau Kok Hoi) including Sha Tau Kok Fish Culture Zone,22.537624630051,114.225392793188,WGS84
2010S0028,2010-11-29,2010-12-12,Others,Phaeocystis globosa,"Deep Water Bay Beach, Hong Kong Island",22.2441140904813,114.186719960247,WGS84
2010S0029,2010-11-30,2010-12-01,Dinoflagellates,Noctiluca scintillans,Chi Ma Wan to Cheung Sha Wan Fish Cutlure Zone,22.2423070580782,114.015291721167,WGS84
2010S0030,2010-11-30,2010-12-06,Dinoflagellates,Noctiluca scintillans,Tsuen Wan Hoi Hing Road Seashore,22.3713744656274,114.10465217497,WGS84
2010S0031,2010-12-14,2010-12-16,Dinoflagellates,Noctiluca scintillans,"Silverstrand Beach, Sai Kung",22.3229571241386,114.272113827472,WGS84
2011S0001,2011-01-14,2011-01-18,Diatom,Chaetoceros socialis,Shing Mun River,22.387643419847,114.198697646402,WGS84
2011S0002,2011-01-27,2011-02-01,Others,Mesodinium rubrum,O Pui Tong Fish Culture Zone,22.5463626668292,114.300813620328,WGS84
2011S0003,2011-01-27,2011-01-29,Others,Mesodinium rubrum,"Deep Water Bay, Hong Kong Island",22.2391580615842,114.177893780017,WGS84
2011S0004,2011-02-07,2011-02-21,Dinoflagellates,Akashiwo sanguinea,"Clear Water Bay Second beach, Sai Kung",22.2881705339606,114.288412829835,WGS84
2011S0005,2011-02-07,2011-02-11,Dinoflagellates,Noctiluca scintillans,Ma On Shan Lok Wo Sha,22.4311179990506,114.245232189032,WGS84
2011S0006,2011-02-09,2011-02-15,Dinoflagellates,Noctiluca scintillans,"Silverstrand Beach, Sai Kung",22.3229104139765,114.2721052543,WGS84
2011S0007,2011-02-16,2011-03-07,Dinoflagellates,Akashiwo sanguinea,Leung Shuen Wan Hoi to Tai Tau Chau FCZ,22.3547207276823,114.3316869844,WGS84
2011S0008,2011-02-17,2011-02-21,Dinoflagellates,Noctiluca scintillans,"Silverstrand Beach, Sai Kung",22.3225877499213,114.273253169578,WGS84
2011S0009,2011-02-17,2011-02-21,Dinoflagellates,Noctiluca scintillans,Double Haven (Yan Chau Tong),22.5142013432338,114.281088498097,WGS84
2011S0010,2011-02-17,2011-02-21,Dinoflagellates,Noctiluca scintillans,"Hoi Ha Wan, Sai Kung",22.4620651626173,114.329199827939,WGS84
2011S0011,2011-02-24,2011-03-02,Dinoflagellates,Noctiluca scintillans,Tung Ping Chau,22.5429172557565,114.435087365371,WGS84
2011S0012,2011-02-24,2011-03-02,Dinoflagellates,Akashiwo sanguinea,"Clear Water Bay Tai Wan Tau, Sai Kung",22.2899993215736,114.293627802118,WGS84
2011S0013,2011-02-25,2011-03-02,Dinoflagellates,Akashiwo sanguinea,"Clear Water Bay First Beach, Sai Kung",22.2908588501235,114.291456464052,WGS84
2011S0014,2011-02-25,2011-03-03,Dinoflagellates,Akashiwo sanguinea,"Hap Mun Bay Beach, Sai Kung",22.3564891961063,114.295723194392,WGS84
2011S0015,2011-02-27,2011-03-07,Dinoflagellates,Noctiluca scintillans,Tolo Harbour near Yuen Chau Tsai,22.448047593185,114.181248450771,WGS84
2011S0016,2011-02-28,2011-03-04,Dinoflagellates,Noctiluca scintillans,Tung Chung near Caribbean Coast,22.2983179309333,113.945137213692,WGS84
2011S0017,2011-03-01,2011-03-04,Dinoflagellates,Akashiwo sanguinea,"Hoi Ha Wan Marine Park, Sai Kung",22.4653853655944,114.330161920146,WGS84
2011S0018,2011-03-01,2011-03-04,Dinoflagellates,Noctiluca scintillans,Ma On Shan Lok Wo Sha,22.4315826737853,114.245096803102,WGS84
2011S0019,2011-03-11,2011-03-17,Dinoflagellates,Noctiluca scintillans,Shing Mun River near Fo Tan Nullah,22.3940535918009,114.206090419689,WGS84
2011S0020,2011-03-13,2011-03-17,Dinoflagellates,Noctiluca scintillans,Tung Ping Chau Marine Parks,22.5423244542095,114.43596330898,WGS84
2011S0021,2011-03-28,2011-04-03,Dinoflagellates,Alexandrium catenella,Sha Tau Kok Fish Culture Zone,22.5355012786371,114.217686931818,WGS84
2011S0022,2011-03-31,2011-04-04,Others,Heterosigma akashiwo,Tolo Harbour,22.4502367684299,114.184695400215,WGS84
2011S0023,2011-04-14,2011-04-15,Dinoflagellates,Akashiwo sanguinea,"Upper Cheung Sha Beach, Lantau Island",22.230039331511,113.942121033444,WGS84
2011S0024,2011-04-14,2011-04-15,Dinoflagellates,Akashiwo sanguinea,"Tong Fuk Beach, Lantau Island",22.2270522989199,113.934972712099,WGS84
2011S0025,2011-04-14,2011-04-18,Dinoflagellates,Noctiluca scintillans,Tung Ping Chau Marine Park,22.5452050921338,114.432630633761,WGS84
2011S0026,2011-04-15,2011-04-18,Dinoflagellates,Akashiwo sanguinea,"Sok Kwu Wan Pier, Lamma Island",22.2067781327783,114.131777762688,WGS84
2011S0027,2011-04-15,2011-04-16,Dinoflagellates,Noctiluca scintillans,"Silver Mine Bay Beach, Lantau Island",22.2714021334963,114.000943233363,WGS84
2011S0029,2011-04-16,2011-04-18,Dinoflagellates,Noctiluca scintillans,"Chung Hom Kok, Hong Kong Island",22.2174073100945,114.201489061653,WGS84
2011S0028,2011-04-16,2011-04-19,Dinoflagellates,Noctiluca scintillans,"South Bay Beach, Hong Kong Island",22.2255920305424,114.197212247627,WGS84
2011S0030,2011-04-16,2011-04-18,Dinoflagellates,Noctiluca scintillans,"Lo So Shing Beach, Lamma Island",22.2044819655815,114.122355680324,WGS84
2011S0031,2011-04-17,2011-04-18,Dinoflagellates,Noctiluca scintillans,"Hung Shing Yeh Beach, Lamma Island",22.218429237817,114.119204939316,WGS84
2011S0032,2011-04-17,2011-04-19,Dinoflagellates,Noctiluca scintillans,"Repulse Bay Beach, Hong Kong Island",22.2358333286346,114.195826463765,WGS84
2011S0033,2011-04-17,2011-04-19,Dinoflagellates,Noctiluca scintillans,"Middle Bay Beach, Hong Kong Island",22.2297173204112,114.197883147622,WGS84
2011S0034,2011-04-18,2011-04-19,Dinoflagellates,Noctiluca scintillans,"Tong Fuk Beach, Lantau Island",22.2272450652625,113.934625622567,WGS84
2011S0035,2011-04-22,2011-04-29,Dinoflagellates,Noctiluca scintillans,"Lo So Shing Beach, Lamma Island",22.2044212909069,114.122336831346,WGS84
2011S0038,2011-04-22,2011-04-28,Dinoflagellates,Noctiluca scintillans,"Tung Chung Development Pier, Lantau Island",22.3124472354599,113.980532681789,WGS84
2011S0036,2011-04-22,2011-04-23,Dinoflagellates,Noctiluca scintillans,"Lower Cheung Sha Beach, Lantau Island",22.2328723590678,113.950499337492,WGS84
2011S0037,2011-04-25,2011-04-29,Dinoflagellates,Noctiluca scintillans,"Hung Shing Yeh Beach, Lamma Island",22.2182597291018,114.119658969848,WGS84
2011S0040,2011-04-27,2011-04-29,Dinoflagellates,Noctiluca scintillans,"South Bay Beach, Hong Kong Island",22.2251533985092,114.197083578952,WGS84
2011S0039,2011-04-27,2011-04-29,Dinoflagellates,Noctiluca scintillans,"Repulse Bay Beach, Hong Kong Island",22.2358189175386,114.195576875603,WGS84
2011S0041,2011-04-27,2011-04-29,Dinoflagellates,Noctiluca scintillans,"Chung Hom Kok, Hong Kong Island",22.21775128121,114.201604471522,WGS84
2011S0042,2011-04-27,2011-04-29,Dinoflagellates,Noctiluca scintillans,"Middle Bay Beach, Hong Kong Island",22.2296887021539,114.197460310496,WGS84
2011S0043,2011-04-27,2011-04-28,Dinoflagellates,Noctiluca scintillans,"Pui O Beach, Lantau Island",22.2388392706,113.975679480364,WGS84
2011S0044,2011-04-28,2011-05-04,Diatom,Chaetoceros salsugineum,"Stanley Bay, Hong Kong Island",22.2168214988519,114.209925369039,WGS84
2011S0045,2011-04-30,2011-05-06,Dinoflagellates,Cochlodinium polykrikoides,"Clear Water Bay Second beach, Sai Kung",22.2882525542458,114.289465806208,WGS84
2011S0046,2011-04-30,2011-05-06,Dinoflagellates,Noctiluca scintillans,"Turtle Cove Beach, Hong Kong Island",22.2327754693718,114.22317834297,WGS84
2011S0047,2011-04-30,2011-05-03,Dinoflagellates,Noctiluca scintillans,"Lo So Shing Beach, Lamma Island",22.2047027467615,114.122458297599,WGS84
2011S0048,2011-05-01,2011-05-05,Dinoflagellates,Cochlodinium polykrikoides,"Pui O Beach, Lantau Island",22.2394984370958,113.974988626794,WGS84
2011S0049,2011-05-02,2011-05-06,Dinoflagellates,Cochlodinium polykrikoides,"Clear Water Bay First Beach, Sai Kung",22.2909578860893,114.291204376922,WGS84
2011S0049,2011-05-02,2011-05-06,Dinoflagellates,Noctiluca scintillans,"Clear Water Bay First Beach, Sai Kung",22.2909578860893,114.291204376922,WGS84
2011S0050,2011-05-03,2011-05-04,Dinoflagellates,Noctiluca scintillans,"St. Stephen's Beach, Stanley, Hong Kong Island",22.2129291781525,114.214666008271,WGS84
2011S0051,2011-05-14,2011-05-20,Dinoflagellates,Gonyaulax polygramma,"Silverstrand Beach, Sai Kung",22.3229598993995,114.2724310864,WGS84
2011S0052,2011-06-13,2011-06-17,Dinoflagellates,Takayama pulchella,Yim Tin Tsai Fish Culture Zone,22.453978086648,114.207509073006,WGS84
2011S0053,2011-08-15,2011-08-26,Dinoflagellates,Protopolykrikos distortus,"Tong Fuk Beach, Lantau Island to Soko Islands",22.1961616965386,113.94980230948,WGS84
2011S0054,2011-08-16,2011-08-26,Dinoflagellates,Protopolykrikos distortus,Lamma Island,22.1682093283722,114.131639242238,WGS84
2011S0055,2011-08-16,2011-08-26,Dinoflagellates,Protopolykrikos distortus,Tuen Mun Pier,22.3658608182089,113.96676763696,WGS84
2011S0056,2011-08-16,2011-08-29,Dinoflagellates,Protopolykrikos distortus,Tai O,22.2504590120058,113.855775684299,WGS84
2011S0057,2011-08-17,2011-08-27,Dinoflagellates,Protopolykrikos distortus,Ma Wan Tung Wan,22.3501800160909,114.062930261612,WGS84
2011S0071,2011-08-17,2011-08-29,Dinoflagellates,Protopolykrikos distortus,Sok Kwu Wan Fish Culture Zone,22.2108399128167,114.136166087125,WGS84
2011S0072,2011-08-17,2011-08-29,Dinoflagellates,Protopolykrikos distortus,Ma Wan Fish Culture Zone,22.3519396786601,114.055358391885,WGS84
2011S0063,2011-08-17,2011-08-26,Dinoflagellates,Protopolykrikos distortus,"Nim Wan, Tuen Mun",22.4277095474712,113.937479690405,WGS84
2011S0058,2011-08-17,2011-08-26,Dinoflagellates,Protopolykrikos distortus,"Hong Kong Gold Coast, Tuen Mun ",22.3665768824437,113.990250925833,WGS84
2011S0061,2011-08-17,2011-08-28,Dinoflagellates,Protopolykrikos distortus,"Butterfly Beach, Tuen Mun",22.3710971790785,113.956937476903,WGS84
2011S0060,2011-08-17,2011-08-27,Dinoflagellates,Protopolykrikos distortus,"Hoi Mei Wan Beach, Tsuen Wan",22.3643377924276,114.072040846424,WGS84
2011S0059,2011-08-17,2011-08-26,Dinoflagellates,Protopolykrikos distortus,"Siu Ho Wan, Lantau Island",22.315865648727,113.991233544786,WGS84
2011S0073,2011-08-17,2011-08-29,Dinoflagellates,Protopolykrikos distortus,Lo Tik Wan Fish Culture Zone,22.2214599570505,114.129784280991,WGS84
2011S0062,2011-08-17,2011-08-29,Dinoflagellates,Protopolykrikos distortus,"Sham Wan, Lamma Island",22.1872537804149,114.138099702229,WGS84
2011S0064,2011-08-17,2011-08-30,Dinoflagellates,Protopolykrikos distortus,"Castle Peak Bay, Tuen Mun",22.3716696095931,113.982832675069,WGS84
2011S0065,2011-08-17,2011-08-19,Dinoflagellates,Protopolykrikos distortus,"Lower Cheung Sha Beach, Lantau Island",22.2314933313016,113.950172241498,WGS84
2011S0066,2011-08-18,2011-08-27,Dinoflagellates,Protopolykrikos distortus,Beaches at Tsuen Wan,22.3658028207883,114.076437509137,WGS84
2011S0067,2011-08-18,2011-08-20,Dinoflagellates,Protopolykrikos distortus,"Repulse Bay Beach, Hong Kong Island",22.2327881436531,114.194470178357,WGS84
2011S0069,2011-08-18,2011-08-20,Dinoflagellates,Protopolykrikos distortus,"Middle Bay Beach, Hong Kong Island",22.2309352474475,114.196114384248,WGS84
2011S0068,2011-08-18,2011-08-20,Dinoflagellates,Protopolykrikos distortus,"South Bay Beach, Hong Kong Island",22.2266665182414,114.195268036256,WGS84
2011S0070,2011-08-18,2011-08-27,Dinoflagellates,Protopolykrikos distortus,"Kwun Yam Wan Beach, Cheung Chau",22.2083260058037,114.03522767485,WGS84
2011S0077,2011-08-18,2011-08-26,Dinoflagellates,Protopolykrikos distortus,"Upper Cheung Sha Beach, Lantau Island",22.2311243184064,113.946423009016,WGS84
2011S0074,2011-08-19,2011-08-20,Dinoflagellates,Protopolykrikos distortus,"Chung Hom Kok Beach, Hong Kong Island",22.218751467914,114.199304377097,WGS84
2011S0080,2011-08-19,2011-08-29,Dinoflagellates,Protopolykrikos distortus,Cheung Sha Wan Fish Culture Zone,22.2372190997866,114.0074405966,WGS84
2011S0075,2011-08-19,2011-08-20,Dinoflagellates,Protopolykrikos distortus,"Deep Water Bay Beach, Hong Kong Island",22.2437232736673,114.186353331863,WGS84
2011S0076,2011-08-19,2011-08-26,Dinoflagellates,Protopolykrikos distortus,Tsim Sha Tsui HK China Ferry Terminal,22.2980953377162,114.165528524722,WGS84
2011S0079,2011-08-19,2011-08-27,Dinoflagellates,Protopolykrikos distortus,Cheung Chau Tung Wan Beach,22.2142268621106,114.031663002039,WGS84
2011S0078,2011-08-19,2011-08-26,Dinoflagellates,Protopolykrikos distortus,"Tong Fuk Beach, Lantau Island",22.2268765213665,113.93720878326,WGS84
2011S0081,2011-08-20,2011-08-31,Dinoflagellates,Protopolykrikos distortus,"Silver Mine Bay Beach, Lantau Island",22.2695212315726,114.001214120333,WGS84
2011S0082,2011-08-20,2011-08-26,Dinoflagellates,Protopolykrikos distortus,Victoria Harbour,22.2874062319328,114.228122047989,WGS84
2011S0083,2011-08-20,2011-08-26,Dinoflagellates,Protopolykrikos distortus,Cheung Chau,22.2021769992441,114.030535991763,WGS84
2011S0084,2011-08-20,2011-08-29,Dinoflagellates,Protopolykrikos distortus,"Discovery Bay, Lantau Island",22.298670541939,114.017255670448,WGS84
2011S0085,2011-08-20,2011-08-29,Dinoflagellates,Protopolykrikos distortus,Green Island,22.2728272072572,114.084162146916,WGS84
2011S0086,2011-08-21,2011-08-29,Dinoflagellates,Protopolykrikos distortus,"Repulse Bay Beach, Hong Kong Island",22.2347146780535,114.195128961139,WGS84
2011S0089,2011-08-21,2011-08-29,Dinoflagellates,Protopolykrikos distortus,"Middle Bay Beach, Hong Kong Island",22.2302543181839,114.197344237942,WGS84
2011S0090,2011-08-21,2011-08-29,Dinoflagellates,Protopolykrikos distortus,"Chung Hom Kok Beach, Hong Kong Island",22.2186365969094,114.199110552958,WGS84
2011S0088,2011-08-21,2011-08-29,Dinoflagellates,Protopolykrikos distortus,"South Bay Beach, Hong Kong Island",22.2261957292815,114.19566773155,WGS84
2011S0087,2011-08-21,2011-08-29,Dinoflagellates,Protopolykrikos distortus,"Deep Water Bay Beach, Hong Kong Island",22.2434283803442,114.185651765053,WGS84
2011S0091,2011-08-21,2011-08-25,Dinoflagellates,Protopolykrikos distortus,"Shek O Beach, Hong Kong Island",22.2324267583966,114.255859595229,WGS84
2011S0092,2011-08-21,2011-08-26,Dinoflagellates,Protopolykrikos distortus,"Tung Chung Development Pier, Lantau Island",22.29802979009,113.941408575934,WGS84
2011S0093,2011-08-22,2011-09-01,Dinoflagellates,Protopolykrikos distortus,Hong Kong Western and Southern Waters,22.2534893702425,114.040656962744,WGS84
2011S0094,2011-08-23,2011-08-26,Dinoflagellates,Protopolykrikos distortus,"Cyberport, Hong Kong Island",22.2613815710241,114.121184086271,WGS84
2011S0095,2011-08-24,2011-08-27,Dinoflagellates,Protopolykrikos distortus,"Hung Shing Yeh Beach, Lamma Island",22.2165819010064,114.119134174268,WGS84
2011S0096,2011-10-29,2011-11-21,Others,Phaeocystis globosa,"Deep Water Bay Beach, Hong Kong Island",22.2428272278269,114.187975604202,WGS84
2011S0097,2011-10-29,2011-10-31,Others,Phaeocystis globosa,"St. Stephen's Beach, Stanley, Hong Kong Island",22.2129834301204,114.214763106119,WGS84
2011S0098,2011-11-02,2011-11-04,Others,Phaeocystis globosa,Tai Tam Bay near Hairpin Beach,22.2234751331896,114.216350782646,WGS84
2011S0099,2011-11-12,2011-11-21,Others,Phaeocystis globosa,"Silver Mine Bay Beach, Lantau Island",22.2701192731296,114.000820042989,WGS84
2012S0001,2012-02-12,2012-02-17,Dinoflagellates,Noctiluca scintillans,Shing Mun River,22.3909856354285,114.202543123548,WGS84
2012S0002,2012-02-14,2012-02-17,Dinoflagellates,Noctiluca scintillans,Yim Tin Tsai and Yim Tin Tsai (East)FCZs,22.4539074962524,114.204349669519,WGS84
2012S0003,2012-02-15,2012-02-19,Others,Dictyocha octonaria,"Silverstrand Beach, Sai Kung",22.3228484410148,114.272282816241,WGS84
2012S0004,2012-02-22,2012-02-28,Dinoflagellates,Noctiluca scintillans,Shatin Hoi,22.4150895583635,114.22061176414,WGS84
2012S0005,2012-02-23,2012-02-28,Dinoflagellates,Noctiluca scintillans,Yim Tin Tsai Fish Culture Zone,22.4522367231085,114.206471224458,WGS84
2012S0006,2012-03-16,2012-03-19,Others,Dunaliella sp.,Shing Mun River,22.3741567475246,114.181750151872,WGS84
2012S0007,2012-03-19,2012-03-22,Diatom,Pseudo-nitzschia delicatissima,Inner Port Shelter (Sai Kung Hoi),22.3816624741047,114.29869567659,WGS84
2012S0008,2012-03-29,2012-04-02,Others,Dunaliella sp.,Shing Mun River,22.3745034674261,114.182527772196,WGS84
2012S0009,2012-03-30,2012-04-06,Dinoflagellates,Noctiluca scintillans,"Silverstrand Beach, Sai Kung",22.3232026079673,114.272349981536,WGS84
2012S0010,2012-03-30,2012-04-12,Dinoflagellates,Noctiluca scintillans,"Hoi Ha Wan, Sai Kung",22.4751748057797,114.334955799961,WGS84
2012S0011,2012-03-30,2012-04-10,Dinoflagellates,Noctiluca scintillans,Tung Ping Chau Marine Park,22.5498162466345,114.423662523902,WGS84
2012S0012,2012-04-03,2012-04-04,Dinoflagellates,Noctiluca scintillans,"Deep Water Bay Beach, Hong Kong Island",22.2427620561406,114.187394004417,WGS84
2012S0015,2012-04-03,2012-04-04,Dinoflagellates,Noctiluca scintillans,"South Bay Beach, Hong Kong Island",22.2257349499008,114.196631248303,WGS84
2012S0013,2012-04-03,2012-04-04,Dinoflagellates,Noctiluca scintillans,"Repulse Bay Beach, Hong Kong Island",22.2358003084465,114.195549508859,WGS84
2012S0016,2012-04-03,2012-04-04,Dinoflagellates,Noctiluca scintillans,"Shek O Beach, Hong Kong Island",22.2283883309275,114.251705797917,WGS84
2012S0014,2012-04-03,2012-04-04,Dinoflagellates,Noctiluca scintillans,"Middle Bay Beach, Hong Kong Island",22.2305489034656,114.197596631859,WGS84
2012S0017,2012-04-03,2012-04-05,Dinoflagellates,Noctiluca scintillans,"Lo So Shing Beach, Lamma Island",22.2046299509075,114.121788607035,WGS84
2012S0018,2012-04-05,2012-04-06,Dinoflagellates,Akashiwo sanguinea,"Silver Mine Bay Beach, Lantau Island",22.2705323979562,113.999989705014,WGS84
2012S0019,2012-04-24,2012-04-26,Dinoflagellates,Noctiluca scintillans,"Clear Water Bay First Beach, Sai Kung",22.2905125299834,114.292418717372,WGS84
2012S0021,2012-04-25,2012-04-27,Others,Heterosigma akashiwo,Yim Tin Tsai Fish Culture Zone,22.4533582238171,114.204797269775,WGS84
2012S0020,2012-04-25,2012-04-27,Others,Chattonella marina,"Tai Tau Chau Fish Culture Zone, Sai Kung",22.3689502449228,114.322601496572,WGS84
2012S0020,2012-04-25,2012-04-27,Dinoflagellates,Ceratium furca,"Tai Tau Chau Fish Culture Zone, Sai Kung",22.3689502449228,114.322601496572,WGS84
2012S0020,2012-04-25,2012-04-27,Dinoflagellates,Ceratium tripos,"Tai Tau Chau Fish Culture Zone, Sai Kung",22.3689502449228,114.322601496572,WGS84
2012S0022,2012-05-04,2012-05-07,Diatom,Skeletonema costatum,"South Horizons, Aberdeen",22.2421153467989,114.145249212091,WGS84
2012S0023,2012-05-10,2012-05-20,Diatom,Thalassiosira proschkinae,Tsuen Wan Pier to Ting Kau,22.3668305927918,114.101351897581,WGS84
2012S0024,2012-05-14,2012-05-20,Diatom,Thalassiosira pseudonana,Sham Tseng Public Pier,22.364255808152,114.059714011979,WGS84
2012S0025,2012-06-18,2012-06-26,Dinoflagellates,Neoceratium furca,Yim Tin Tsai Fish Culture Zone,22.4531155812307,114.205740222111,WGS84
2012S0026,2012-08-03,2012-08-20,Dinoflagellates,Scrippsiella trochoidea,"Tolo Harbour,Tai Mei Tuk,Yim Tin Tsai and Yim Tin Tsai (East) Fish Culture zones",22.4379718223145,114.214983210385,WGS84
2012S0027,2012-08-06,2012-08-09,Dinoflagellates,Scrippsiella trochoidea,Mirs Bay and Tung Ping Chau Marine Park,22.5242836229416,114.365920404104,WGS84
2012S0028,2012-08-11,2012-08-13,Diatom,Pseudo-nitzschia delicatissima,Lo Tik Wan Fish Culture Zone,22.2208683779803,114.129892245774,WGS84
2012S0029,2012-10-12,2012-10-26,Others,Mesodinium rubrum,"Turtle Cove Beach, Hong Kong Island",22.2324948180637,114.223384132598,WGS84
2012S0030,2012-10-16,2012-10-26,Dinoflagellates,Protopolykrikos distortus,Tuen Mun Nim Wan near Tai Shui Hang,22.4271993189115,113.936530236795,WGS84
2012S0031,2012-10-20,2012-11-07,Dinoflagellates,Protopolykrikos distortus,Tuen Mun Black Point and Ma Wan Fish Culture Zone,22.3962344911092,113.895117499268,WGS84
2012S0032,2012-10-24,2012-11-07,Dinoflagellates,Protopolykrikos distortus,"Tung Chung Bay, Lantau Island",22.2875329635406,113.92971206838,WGS84
2013S0001,2013-02-05,2013-02-08,Dinoflagellates,Noctiluca scintillans,Rambler Channel near Hoi Hing Road,22.3705916817827,114.105652910331,WGS84
2013S0002,2013-02-14,2013-02-19,Others,Heterosigma akashiwo,Entrance of Tuen Mun River Channel,22.3790645909573,113.968151295091,WGS84
2013S0003,2013-03-18,2013-03-27,Dinoflagellates,Noctiluca scintillans,Rambler Channel near Hoi Hing Road,22.370412561478,114.106024185713,WGS84
2013S0004,2013-03-18,2013-03-27,Dinoflagellates,Noctiluca scintillans,"Sham Wat Wan, Lantau Island",22.2747251178838,113.883370904001,WGS84
2013S0005,2013-04-12,2013-04-23,Dinoflagellates,Neoceratium furca,Yung Shue Au Fish Culture Zone,22.4280403598911,114.278627966798,WGS84
2013S0006,2013-04-16,2013-04-23,Dinoflagellates,Neoceratium furca,Wong Chuk Kok Hoi and Wong Wan fish culture zone,22.5070276872303,114.311238390505,WGS84
2013S0007,2013-04-17,2013-04-23,Dinoflagellates,Neoceratium furca,Sham Wan fish culture zone,22.440327484062,114.352349569551,WGS84
2013S0008,2013-06-12,2013-06-17,Dinoflagellates,Scrippsiella trochoidea,Yung Shue Au Fish Culture Zone,22.4253239014771,114.278045237552,WGS84
2013S0009,2013-06-17,2013-06-19,Dinoflagellates,Noctiluca scintillans,"Silverstrand Beach, Sai Kung",22.3232546422217,114.272395878871,WGS84
2013S0010,2013-06-20,2013-06-24,Dinoflagellates,Scrippsiella trochoidea,Yim Tin Tsai East Fish Culture Zone,22.4545337827367,114.222389736805,WGS84
2013S0011,2013-11-20,2013-11-28,Others,Teleaulax acuta,Shing Mun River,22.3756721704154,114.1848986001,WGS84
2013S0012,2013-12-12,2013-12-17,Others,Phaeocystis globosa,Yung Shue Au Fish Culture Zone,22.4252367211311,114.279306154821,WGS84
2014S0001,2014-01-15,2014-01-21,Others,Phaeocystis globosa,Inner Port Shelter near Tai Mong Tsai,22.3872169441402,114.292971015721,WGS84
2014S0002,2014-01-20,2014-01-23,Others,Phaeocystis globosa,Three Fathoms Cove (Kei Ling Ha Hoi),22.4293815753738,114.272538865097,WGS84
2014S0003,2014-01-22,2014-02-05,Others,Phaeocystis globosa,Pak Sha Wan near Marina Cove,22.3569602533307,114.258516300667,WGS84
2014S0004,2014-01-23,2014-01-24,Dinoflagellates,Noctiluca scintillans,Three Fathoms Cove (Kei Ling Ha Hoi),22.4291665309292,114.273844105381,WGS84
2014S0005,2014-01-30,2014-02-11,Others,Heterosigma akashiwo,Tuen Mun River Channel,22.3802461981051,113.967895846052,WGS84
2014S0006,2014-02-03,2014-02-05,Diatom,Guinardia delicatula,Cha Kwo Chau,22.2197523922002,113.951071085679,WGS84
2014S0006,2014-02-03,2014-02-05,Diatom,Eucampia zodiacus,Cha Kwo Chau,22.2197523922002,113.951071085679,WGS84
2014S0006,2014-02-03,2014-02-05,Diatom,Dactyliosolen phuketensis,Cha Kwo Chau,22.2197523922002,113.951071085679,WGS84
2014S0007,2014-04-08,2014-04-14,Others,Heterosigma akashiwo,Yim Tin Tsai East fish culture zone and Tai Mei Tuk,22.4630449402915,114.22731468134,WGS84
2014S0007,2014-04-08,2014-04-14,Dinoflagellates,Prorocentrum minimum,Yim Tin Tsai East fish culture zone and Tai Mei Tuk,22.4630449402915,114.22731468134,WGS84
2014S0007,2014-04-08,2014-04-14,Dinoflagellates,Gonyaulax polygramma,Yim Tin Tsai East fish culture zone and Tai Mei Tuk,22.4630449402915,114.22731468134,WGS84
2014S0008,2014-04-09,2014-04-14,Dinoflagellates,Prorocentrum minimum,Tolo Harbour(including Yim Tin Tsai and Yung Shue Au Fish Culture Zone),22.4440233671327,114.240064006728,WGS84
2014S0008,2014-04-09,2014-04-14,Dinoflagellates,Gonyaulax polygramma,Tolo Harbour(including Yim Tin Tsai and Yung Shue Au Fish Culture Zone),22.4440233671327,114.240064006728,WGS84
2014S0008,2014-04-09,2014-04-14,Others,Heterosigma akashiwo,Tolo Harbour(including Yim Tin Tsai and Yung Shue Au Fish Culture Zone),22.4440233671327,114.240064006728,WGS84
2014S0009,2014-04-09,2014-04-17,Dinoflagellates,Gonyaulax polygramma,"Pak Sha Wan, Sai Kung",22.3676077930444,114.267361856597,WGS84
2014S0010,2014-04-10,2014-04-23,Others,Heterosigma akashiwo,Sha Tau Kok fish culture zone,22.5378598096926,114.225145228688,WGS84
2014S0010,2014-04-10,2014-04-23,Dinoflagellates,Prorocentrum minimum,Sha Tau Kok fish culture zone,22.5378598096926,114.225145228688,WGS84
2014S0011,2014-04-12,2014-04-17,Dinoflagellates,Prorocentrum minimum,East Lamma Channel (including waters near Cyberport and South Horizons,22.2386194061194,114.136066127687,WGS84
2014S0011,2014-04-12,2014-04-17,Diatom,Skeletonema costatum,East Lamma Channel (including waters near Cyberport and South Horizons,22.2386194061194,114.136066127687,WGS84
2014S0011,2014-04-12,2014-04-17,Diatom,Pseudo-nitzschia delicatissima,East Lamma Channel (including waters near Cyberport and South Horizons,22.2386194061194,114.136066127687,WGS84
2014S0011,2014-04-12,2014-04-17,Diatom,Pseudo-nitzschia pungens,East Lamma Channel (including waters near Cyberport and South Horizons,22.2386194061194,114.136066127687,WGS84
2014S0012,2014-04-13,2014-04-17,Diatom,Skeletonema costatum,"Silver Mine Bay, West Lamma Channel to Victoria Harbour",22.2430633008071,114.081860523212,WGS84
2014S0012,2014-04-13,2014-04-17,Diatom,Pseudo-nitzschia pungens,"Silver Mine Bay, West Lamma Channel to Victoria Harbour",22.2430633008071,114.081860523212,WGS84
2014S0013,2014-04-14,2014-04-17,Dinoflagellates,Gonyaulax polygramma,Ocean Park to Deep Water Bay,22.2367039063807,114.179675360388,WGS84
2014S0014,2014-04-18,2014-04-21,Diatom,Pseudo-nitzschia pungens,"Pui O Beach, Lantau Island",22.2400299081758,113.974124545058,WGS84
2014S0015,2014-04-20,2014-04-26,Dinoflagellates,Akashiwo sanguinea,"Silver Mine Bay Beach, Lantau Island",22.2710342654615,114.001037915122,WGS84
2014S0016,2014-04-24,2014-05-14,Dinoflagellates,Gonyaulax polygramma,Tolo Habour near Tang Chau,22.4421764281167,114.259234692298,WGS84
2014S0017,2014-04-29,2014-05-06,Dinoflagellates,Cochlodinium cf. geminatum,"Silverstrand beach, Sai Kung",22.3237967891568,114.274103230394,WGS84
2014S0018,2014-04-30,2014-05-07,Dinoflagellates,Gonyaulax polygramma,"Northeastern waters,Sha Tau Kok, Ap Chau, O Pui Tong & Tap Mun fish culture zone",22.5300796926769,114.287001084825,WGS84
2014S0019,2014-05-01,2014-05-04,Others,Heterosigma akashiwo,"Pui O Beach, Lantau Island",22.2388503692224,113.973877029522,WGS84
2014S0021,2014-05-02,2014-05-06,Others,Heterosigma akashiwo,"Silver Mine Bay Beach, Lantau Island",22.270549979,114.000046336176,WGS84
2014S0020,2014-05-02,2014-05-05,Dinoflagellates,Gonyaulax polygramma,Yung Shue Au FCZ,22.4262321201436,114.278034725511,WGS84
2014S0022,2014-05-05,2014-05-13,Dinoflagellates,Noctiluca scintillans,"Silverstrand Beach, Sai Kung",22.3228846976632,114.27239205507,WGS84
2014S0023,2014-05-06,2014-05-09,Dinoflagellates,Gonyaulax polygramma,Sha Tin Hoi near Wu Kai Sha,22.4310826631514,114.228149248204,WGS84
2014S0024,2014-05-08,2014-05-09,Dinoflagellates,Noctiluca scintillans,Tung Ping Chau,22.5443563226021,114.43348392498,WGS84
2014S0025,2014-05-08,2014-05-09,Dinoflagellates,Noctiluca scintillans,"Tung Wan Beach and Kwun Yam Beach, Cheung Chau",22.2102776486938,114.030682237952,WGS84
2014S0026,2014-05-16,2014-05-22,Diatom,Thalassiosira pseudonana,Yim Tin Tsai East Fish Culture Zone,22.4604731093654,114.215437290943,WGS84
2014S0026,2014-05-16,2014-05-22,Others,Teleaulax acuta,Yim Tin Tsai East Fish Culture Zone,22.4604731093654,114.215437290943,WGS84
2014S0027,2014-05-23,2014-05-27,Dinoflagellates,Scrippsiella trochoidea,Yim Tin Tsai (East) Fish Culture Zone,22.4615127038542,114.214859622717,WGS84
2014S0027,2014-05-23,2014-05-27,Others,Heterosigma akashiwo,Yim Tin Tsai (East) Fish Culture Zone,22.4615127038542,114.214859622717,WGS84
2014S0028,2014-05-24,2014-05-28,Dinoflagellates,Noctiluca scintillans,"Clear Water Bay Second Beach, Sai Kung",22.2865168667251,114.290402955925,WGS84
2014S0029,2014-05-25,2014-06-05,Diatom,Thalassiosira pseudonana,Po Toi Fish Culture Zone,22.1633773398865,114.251223726334,WGS84
2014S0030,2014-05-26,2014-05-27,Diatom,Thalassiosira pseudonana,Deep water Bay to Middle Island,22.2302706069483,114.181856681285,WGS84
2014S0031,2014-05-28,2014-05-30,Diatom,Thalassiosira pseudonana,Victoria Harbour near Kai Tak Cruise Terminal,22.3026249812361,114.212862726666,WGS84
2014S0032,2014-05-30,2014-06-12,Dinoflagellates,Noctiluca scintillans,"Turtle Cove Beach, Hong Kong Island",22.232766526532,114.22312356418,WGS84
2014S0034,2014-05-31,2014-06-06,Dinoflagellates,Noctiluca scintillans,"Hairpin Beach, Hong Kong Island",22.2241501724381,114.214974161562,WGS84
2014S0033,2014-05-31,2014-06-10,Dinoflagellates,Noctiluca scintillans,"Stanley Main Beach, Hong Kong Island",22.2202297284427,114.214352938818,WGS84
2014S0035,2014-05-31,2014-06-06,Dinoflagellates,Gonyaulax polygramma,"Silverstrand Beach, Sai Kung",22.3232222389697,114.272429100623,WGS84
2014S0036,2014-06-02,2014-06-10,Dinoflagellates,Noctiluca scintillans,"South Bay Beach, Hong Kong Island",22.2248006695387,114.196335856279,WGS84
2014S0037,2014-06-02,2014-06-10,Dinoflagellates,Noctiluca scintillans,"Deep Water Bay Beach, Hong Kong Island",22.2446504594855,114.186851958051,WGS84
2014S0038,2014-06-02,2014-06-10,Dinoflagellates,Noctiluca scintillans,"Chung Hom Kok Beach, Hong Kong Island",22.2173209108281,114.201564969773,WGS84
2014S0039,2014-06-02,2014-06-06,Dinoflagellates,Noctiluca scintillans,"St. Stephen's Beach, Hong Kong Island",22.2129016120558,114.214801063939,WGS84
2014S0040,2014-06-02,2014-06-12,Dinoflagellates,Noctiluca scintillans,"Repulse Bay Beach, Hong Kong Island",22.2351098359567,114.196126197989,WGS84
2014S0041,2014-06-02,2014-06-10,Dinoflagellates,Noctiluca scintillans,"Middle Bay Beach, Hong Kong Island",22.2308070598726,114.197627903438,WGS84
2014S0043,2014-06-03,2014-06-06,Dinoflagellates,Noctiluca scintillans,"Lo So Shing Beach, Lamma Island",22.2046706032605,114.122179064095,WGS84
2014S0042,2014-06-03,2014-06-07,Dinoflagellates,Noctiluca scintillans,"Hung Shing Yeh Beach, Lamma Island",22.2182128582889,114.119219469485,WGS84
2014S0045,2014-06-03,2014-06-09,Dinoflagellates,Noctiluca scintillans,Junk Bay,22.2849860224398,114.266761205248,WGS84
2014S0044,2014-06-03,2014-06-06,Dinoflagellates,Noctiluca scintillans,"Discovery Bay, Lantau Island",22.2899541029358,114.023687846196,WGS84
2014S0046,2014-06-04,2014-06-10,Dinoflagellates,Noctiluca scintillans,"Shek O Beach, Hong Kong Island",22.2285339496887,114.251077829616,WGS84
2014S0050,2014-06-04,2014-06-13,Dinoflagellates,Noctiluca scintillans,Tin Wan and West Lamma Channel,22.2461607462928,114.117180150607,WGS84
2014S0047,2014-06-04,2014-06-07,Dinoflagellates,Noctiluca scintillans,"Silver Mine Bay Beach, Lantau Island",22.2715114141229,114.000969303555,WGS84
2014S0049,2014-06-04,2014-06-06,Dinoflagellates,Cochlodinium cf. geminatum,"Clear Water Bay First Beach, Sai Kung",22.2909870519452,114.291259917195,WGS84
2014S0048,2014-06-04,2014-06-07,Dinoflagellates,Noctiluca scintillans,"Lower Cheung Sha Beach, Lantau Island",22.2325838070132,113.952392081644,WGS84
2014S0051,2014-06-05,2014-06-06,Dinoflagellates,Noctiluca scintillans,Hok Tsui Wan,22.2073871885031,114.259598311097,WGS84
2014S0052,2014-06-05,2014-06-07,Dinoflagellates,Noctiluca scintillans,"Pui O Beach, Lantau Island",22.2379739264658,113.976066147455,WGS84
2014S0053,2014-06-27,2014-07-02,Dinoflagellates,Akashiwo sanguinea,Tai Tan Hoi and Hoi Ha Wan,22.4499538459867,114.344708205409,WGS84
2014S0054,2014-07-30,2014-08-09,Diatom,Pseudo-nitzschia delicatissima,"East Lamma Channel, West Lamma Channel and Victoria Harbour",22.2515746886219,114.078540625073,WGS84
2014S0055,2014-08-05,2014-08-08,Diatom,Pseudo-nitzschia delicatissima,Tai Tam Bay,22.222219462466,114.226428569095,WGS84
2014S0056,2014-09-01,2014-09-04,Dinoflagellates,Noctiluca scintillans,"Repulse Bay Beach, Hong Kong Island",22.2374843513914,114.194159075681,WGS84
2014S0057,2014-09-04,2014-09-12,Others,Haematococcus pluvialis,Yim Tin Tsai East fish culture zone,22.4537099660857,114.221439409481,WGS84
2014S0058,2014-10-12,2014-10-18,Others,Chattonella sp.0310,Shing Mun River from Hong Kong Heritage Museum to Banyan Bridge,22.3801234794971,114.192068024448,WGS84
2014S0058,2014-10-12,2014-10-18,Others,Chattonella marina,Shing Mun River from Hong Kong Heritage Museum to Banyan Bridge,22.3801234794971,114.192068024448,WGS84
2014S0059,2014-11-21,2014-11-28,Dinoflagellates,Noctiluca scintillans,Hoi Ha Wan,22.4628550791442,114.32997324196,WGS84
2014S0060,2014-11-21,2014-11-28,Dinoflagellates,Noctiluca scintillans,Sai Kung Hoi,22.3757670592906,114.274680000239,WGS84
2014S0061,2014-11-22,2014-11-28,Dinoflagellates,Noctiluca scintillans,Port Island,22.4996055197635,114.355442621692,WGS84
2014S0064,2014-11-22,2014-12-03,Dinoflagellates,Noctiluca scintillans,"Tai O to Fan Lau, Lantau Island",22.2430104879175,113.845300333148,WGS84
2014S0062,2014-11-23,2014-12-03,Dinoflagellates,Noctiluca scintillans,"Kiu Tsui Beach, Sai Kung",22.3683525203486,114.288752585502,WGS84
2014S0063,2014-11-24,2014-12-02,Dinoflagellates,Noctiluca scintillans,"Silverstrand Beach, Sai Kung",22.3229113625654,114.273265427611,WGS84
2014S0067,2014-11-24,2014-12-02,Dinoflagellates,Noctiluca scintillans,Cheung Sha Wan Fish Culture Zone,22.2369216419783,114.006820371038,WGS84
2014S0065,2014-11-25,2014-12-02,Dinoflagellates,Noctiluca scintillans,"Stanley Main Beach, Hong Kong Island",22.2213572233139,114.214536796296,WGS84
2014S0066,2014-11-25,2014-12-03,Dinoflagellates,Noctiluca scintillans,"Turtle Cove Beach, Hong Kong Island",22.2327849785513,114.223400087919,WGS84
2014S0068,2014-11-25,2014-12-03,Dinoflagellates,Noctiluca scintillans,"Pak Mong Pier, Lantau Island",22.2996990094224,113.966650555116,WGS84
2014S0070,2014-11-26,2014-12-04,Dinoflagellates,Noctiluca scintillans,Tuen Mun Pier to Tsuen Wan including Ma Wan Fish Culture Zone,22.3570109154459,114.06893983108,WGS84
2014S0069,2014-11-27,2014-12-02,Dinoflagellates,Noctiluca scintillans,"Silver mine Bay Beach, Lantau Island",22.2714816947868,114.001487567684,WGS84
2014S0071,2014-11-27,2014-12-04,Dinoflagellates,Noctiluca scintillans,"Peng Chau to Discovery Bay, Lantau Island",22.2942345027042,114.037902106429,WGS84
2014S0073,2014-11-27,2014-12-02,Dinoflagellates,Noctiluca scintillans,East and West Lamma Channel including Lo Tik Wan FCZ and Sok Kwu Wan FCZ,22.2292545165791,114.081470323205,WGS84
2014S0074,2014-11-27,2014-12-02,Others,Mesodinium rubrum,"Clear Water Bay Second Beach, Sai Kung",22.287355189925,114.288775219091,WGS84
2014S0072,2014-11-27,2014-12-03,Dinoflagellates,Noctiluca scintillans,Victoria Harbour near Harbour City,22.2965119403615,114.167436612191,WGS84
2014S0075,2014-11-28,2014-12-01,Dinoflagellates,Noctiluca scintillans,Cheung Chau Tung Wan Beach,22.2094518854896,114.030988174532,WGS84
2014S0076,2014-11-28,2014-12-01,Dinoflagellates,Noctiluca scintillans,"Kwun Yam Beach, Cheung Chau",22.2072030012509,114.034635765358,WGS84
2014S0078,2014-11-29,2014-12-02,Dinoflagellates,Noctiluca scintillans,"Silver Mine Bay, Lantau Island",22.2625934724227,114.002061474591,WGS84
2014S0077,2014-11-30,2014-12-02,Dinoflagellates,Noctiluca scintillans,"Golden Beach, Tuen Mun",22.3706395530532,113.988519914321,WGS84
2014S0079,2014-12-07,2014-12-11,Dinoflagellates,Noctiluca scintillans,Hoi Ha Wan,22.4619098582147,114.329552537449,WGS84
2014S0081,2014-12-08,2014-12-09,Dinoflagellates,Noctiluca scintillans,"Kwun Yam Beach, Cheung Chau",22.2070651126581,114.0352587908,WGS84
2014S0080,2014-12-08,2014-12-11,Dinoflagellates,Noctiluca scintillans,Double Haven (Yan Chau Tong),22.5128863996027,114.284648227859,WGS84
2014S0082,2014-12-13,2014-12-19,Dinoflagellates,Noctiluca scintillans,"To Kwa Peng, Sai Kung",22.4279490036871,114.335564563449,WGS84
2014S0083,2014-12-13,2014-12-19,Dinoflagellates,Noctiluca scintillans,"Chek Keng, Sai Kung",22.4224061931748,114.349054224102,WGS84
2014S0084,2014-12-15,2014-12-16,Dinoflagellates,Noctiluca scintillans,Port Shelter,22.3387429882527,114.269233037136,WGS84
2014S0085,2014-12-24,2014-12-31,Dinoflagellates,Noctiluca scintillans,Port Shelter,22.3375807668462,114.272754913871,WGS84
2014S0086,2014-12-24,2014-12-29,Dinoflagellates,Noctiluca scintillans,"Silverstrand Beach, Sai Kung",22.3226591200278,114.272687318915,WGS84
2014S0087,2014-12-28,2014-12-31,Dinoflagellates,Noctiluca scintillans,"Tai Mei Tuk, Tai Po",22.4650111791055,114.235117160073,WGS84
2014S0088,2014-12-28,2015-01-01,Dinoflagellates,Noctiluca scintillans,Yim Tin Tsai fish culture zone,22.4536900880807,114.209397292746,WGS84
2015S0001,2015-01-05,2015-01-06,Dinoflagellates,Noctiluca scintillans,Tai Lam near Marine Police West Division Base,22.3626099372681,114.012440546144,WGS84
2015S0004,2015-01-05,2015-01-09,Dinoflagellates,Noctiluca scintillans,Clear Water Bay to Tsam Chuk Wan including Port Shelter and Inner Port Shelter,22.3415359276252,114.277547033356,WGS84
2015S0002,2015-01-05,2015-01-09,Dinoflagellates,Noctiluca scintillans,"Silverstrand Beach, Sai Kung",22.3228322097361,114.272196390929,WGS84
2015S0003,2015-01-05,2015-01-09,Dinoflagellates,Noctiluca scintillans,"Silver Mine Bay Beach, Lantau Island",22.2706477700931,114.000111385466,WGS84
2015S0009,2015-01-05,2015-01-09,Dinoflagellates,Noctiluca scintillans,"Nim Wan, Tuen Mun",22.4213457509539,113.928307719405,WGS84
2015S0005,2015-01-06,2015-01-08,Dinoflagellates,Noctiluca scintillans,"Stanley Main Beach, Hong Kong Island",22.2208042037432,114.214369512356,WGS84
2015S0007,2015-01-06,2015-01-09,Dinoflagellates,Noctiluca scintillans,"Lo So Shing Beach, Lamma Island",22.2041392141006,114.122222125336,WGS84
2015S0006,2015-01-06,2015-01-09,Dinoflagellates,Noctiluca scintillans,"Hung Shing Yeh Beach, Lamma Island",22.2179714673857,114.119423333746,WGS84
2015S0008,2015-01-06,2015-01-09,Dinoflagellates,Noctiluca scintillans,"Clear Water Bay Second Beach, Sai Kung",22.2872784350042,114.288649562505,WGS84
2015S0011,2015-01-07,2015-01-09,Dinoflagellates,Noctiluca scintillans,Cheung Chau Tung Wan Beach,22.2099362506307,114.030700446221,WGS84
2015S0010,2015-01-07,2015-01-09,Dinoflagellates,Noctiluca scintillans,"Kwun Yam Beach, Cheung Chau",22.2071092134582,114.034900262048,WGS84
2015S0012,2015-01-08,2015-01-09,Dinoflagellates,Noctiluca scintillans,"Lido Beach, Tsuen Wan",22.3675090544777,114.07627104348,WGS84
2015S0013,2015-01-09,2015-01-15,Dinoflagellates,Noctiluca scintillans,Ma Wan fish culture zone,22.3521986065323,114.056258207084,WGS84
2015S0014,2015-01-25,2015-01-30,Others,Mesodinium rubrum,"Po Pin Chau, Sai Kung",22.3627764491807,114.376941216315,WGS84
2015S0015,2015-01-26,2015-01-30,Dinoflagellates,Noctiluca scintillans,Tai Lam near Marine Police West Division Base,22.362728408578,114.012271588055,WGS84
2015S0016,2015-01-26,2015-02-18,Dinoflagellates,Noctiluca scintillans,Tolo Harbour from Ma Liu Shui to Sam Mun Tsai,22.4366802434552,114.210932716878,WGS84
2015S0017,2015-02-03,2015-02-06,Dinoflagellates,Noctiluca scintillans,"Lam Tsuen River near Yuen Chau Tsai, Tai Po",22.4495715212572,114.175919168661,WGS84
2015S0018,2015-02-16,2015-02-18,Dinoflagellates,Noctiluca scintillans,"Plover Cove to Kat O Hoi, Hoi Ha Wan and Tai Tan Hoi including WW and KAU FCZ",22.4723029488869,114.294664353883,WGS84
2015S0019,2015-02-17,2015-02-18,Dinoflagellates,Noctiluca scintillans,Port Shelter near Shelter Island to Ping Min Chau,22.3171292426733,114.310417056003,WGS84
2015S0020,2015-02-22,2015-02-24,Dinoflagellates,Noctiluca scintillans,Cheung Chau Tung Wan Beach,22.2085137410723,114.031989902008,WGS84
2015S0021,2015-02-26,2015-04-09,Dinoflagellates,Heterocapsa circularisquama,"Tolo Harbour to Three Fathoms Cove including YTT, YTTE and YSA FCZ",22.4449739901268,114.239656916513,WGS84
2015S0022,2015-02-26,2015-03-13,Dinoflagellates,Noctiluca scintillans,"Po Pin Chau, Sai Kung",22.3610363683955,114.377780600657,WGS84
2015S0023,2015-02-26,2015-02-27,Dinoflagellates,Noctiluca scintillans,Hoi Ha Wan,22.4700815210511,114.331362973684,WGS84
2015S0024,2015-03-09,2015-03-13,Dinoflagellates,Noctiluca scintillans,"Pak Lap Wan to Wang Chau, Sai Kung",22.3417892000437,114.36572311772,WGS84
2015S0025,2015-03-16,2015-03-20,Dinoflagellates,Noctiluca scintillans,"Stanley Main Beach, Hong Kong Island",22.2208094753469,114.214222765328,WGS84
2015S0026,2015-03-16,2015-03-18,Dinoflagellates,Noctiluca scintillans,"Clear Water Bay Second Beach, Sai Kung",22.287718692829,114.287996344537,WGS84
2015S0028,2015-03-27,2015-04-04,Dinoflagellates,Noctiluca scintillans,"Port Shelter near The Hong Kong University of Science and Technology, Sai Kung",22.3381647468202,114.268271336594,WGS84
2015S0027,2015-03-27,2015-03-31,Dinoflagellates,Noctiluca scintillans,"Silverstrand Beach, Sai Kung",22.3228983464446,114.272370671896,WGS84
2015S0029,2015-03-29,2015-03-30,Dinoflagellates,Noctiluca scintillans,"Fa Shan near Po Pin Chau, Sai Kung",22.3568866889735,114.377530449814,WGS84
2015S0030,2015-03-31,2015-04-05,Dinoflagellates,Noctiluca scintillans,"Clear Water Bay Second Beach, Sai Kung",22.2874507844879,114.287991960077,WGS84
2015S0031,2015-04-05,2015-04-08,Dinoflagellates,Noctiluca scintillans,"Turtle Cove Beach, Hong Kong Island",22.2324042793553,114.223938261754,WGS84
2015S0032,2015-04-05,2015-04-09,Dinoflagellates,Noctiluca scintillans,"Stanley Main Beach, Hong Kong Island",22.2217010470825,114.214428964888,WGS84
2015S0033,2015-04-14,2015-04-28,Dinoflagellates,Gonyaulax polygramma,"Rocky Harbour near Jin Island, Sai Kung",22.3234159868617,114.339378083983,WGS84
2015S0034,2015-04-15,2015-04-22,Dinoflagellates,Gonyaulax polygramma,Mirs Bay,22.529696373809,114.386910933757,WGS84
2015S0036,2015-04-17,2015-04-20,Dinoflagellates,Gonyaulax polygramma,"Clear Water Bay Second Beach, Sai Kung",22.2865055256568,114.288185053457,WGS84
2015S0035,2015-04-17,2015-04-28,Dinoflagellates,Gonyaulax polygramma,Po Toi O Fish Culture Zone,22.2742995616665,114.294072242103,WGS84
2015S0037,2015-04-18,2015-04-22,Dinoflagellates,Gonyaulax polygramma,"Silverstrand Beach, Sai Kung",22.3224144253469,114.272919565976,WGS84
2015S0040,2015-04-20,2015-04-29,Dinoflagellates,Gonyaulax polygramma,Long Harbour,22.4448795850481,114.347449157557,WGS84
2015S0038,2015-04-20,2015-04-30,Dinoflagellates,Gonyaulax polygramma,Sok Kwu Wan Fish Culture Zone,22.2111667885761,114.136058097079,WGS84
2015S0039,2015-04-20,2015-05-04,Dinoflagellates,Gonyaulax polygramma,Repulse Bay and Deep Water Bay,22.2410683394533,114.183557449661,WGS84
2015S0041,2015-04-24,2015-05-05,Dinoflagellates,Gonyaulax polygramma,"Turtle Cove Beach, Hong Kong Island",22.2325419310204,114.223447692698,WGS84
2015S0042,2015-04-27,2015-05-04,Dinoflagellates,Gonyaulax polygramma,East Lamma Channel including Lo Tik Wan Fish Culture Zone,22.2430266273313,114.129363359205,WGS84
2015S0044,2015-05-07,2015-05-11,Dinoflagellates,Noctiluca scintillans,Junk Bay,22.2901550424554,114.258796635202,WGS84
2015S0043,2015-05-07,2015-05-12,Dinoflagellates,Noctiluca scintillans,"Silver Mine Bay Beach, Lantau Island",22.271411665843,114.000597982769,WGS84
2015S0045,2015-05-07,2015-05-11,Dinoflagellates,Noctiluca scintillans,Rambler Channel near Hoi Hing Road,22.3707427897838,114.106562440645,WGS84
2015S0046,2015-05-07,2015-05-12,Dinoflagellates,Noctiluca scintillans,Water off Cheung Sha Wan Wholesale Market,22.3238087182556,114.151190221517,WGS84
2015S0047,2015-05-08,2015-05-12,Dinoflagellates,Noctiluca scintillans,Stanley Bay,22.2179741104351,114.21103898478,WGS84
2015S0048,2015-05-09,2015-05-12,Dinoflagellates,Noctiluca scintillans,"Repulse Bay Beach, Hong Kong Island",22.2363306371035,114.195847037114,WGS84
2015S0049,2015-05-09,2015-05-12,Dinoflagellates,Noctiluca scintillans,"Chung Hom Kok Beach, Hong Kong Island",22.2172733477468,114.201790655461,WGS84
2015S0050,2015-05-09,2015-05-12,Dinoflagellates,Noctiluca scintillans,"Deep Water Bay Beach, Hong Kong Island",22.2446220079448,114.186931211636,WGS84
2015S0051,2015-05-14,2015-05-19,Dinoflagellates,Noctiluca scintillans,"Pui O Beach, Lantau Island",22.2385003572823,113.974353296594,WGS84
2015S0052,2015-06-08,2015-06-17,Diatom,Pseudo-nitzschia pungens,"Deep Water Bay and Repulse Bay, Hong Kong Island",22.2398379232709,114.184461669592,WGS84
2015S0053,2015-08-26,2015-08-31,Dinoflagellates,Gyrodinium impudicum,O Pui Tong Fish Culture Zone,22.5452265615137,114.300284893954,WGS84
2015S0054,2015-11-18,2015-11-20,Others,Trichodesmium erythraeum,"Silverstrand Beach, Sai Kung",22.3229311875466,114.272099755279,WGS84
2015S0055,2015-12-14,2015-12-15,Dinoflagellates,Karenia mikimotoi,Yim Tin Tsai Fish Culture Zone,22.4534208337514,114.206259955219,WGS84
2016S0004,2016-01-01,2016-02-09,Dinoflagellates,Karenia papilionacea,Lo Fu Wat Fish Culture Zone,22.468782328799,114.272345072943,WGS84
2016S0004,2016-01-01,2016-02-09,Dinoflagellates,Karenia mikimotoi,Lo Fu Wat Fish Culture Zone,22.468782328799,114.272345072943,WGS84
2016S0001,2016-01-02,2016-02-09,Dinoflagellates,Karenia papilionacea,Sham Wan Fish Culture Zone,22.441183866845,114.353211370711,WGS84
2016S0001,2016-01-02,2016-02-09,Dinoflagellates,Karenia mikimotoi,Sham Wan Fish Culture Zone,22.441183866845,114.353211370711,WGS84
2016S0002,2016-01-03,2016-02-09,Dinoflagellates,Karenia mikimotoi,Lo Fu Wat fish culture zone to Tolo channel,22.4607974275152,114.275941365266,WGS84
2016S0002,2016-01-03,2016-02-09,Dinoflagellates,Karenia papilionacea,Lo Fu Wat fish culture zone to Tolo channel,22.4607974275152,114.275941365266,WGS84
2016S0003,2016-01-04,2016-02-09,Dinoflagellates,Karenia papilionacea,Hoi Ha Wan to Long Harbour,22.4517150586737,114.346718509555,WGS84
2016S0003,2016-01-04,2016-02-09,Dinoflagellates,Karenia mikimotoi,Hoi Ha Wan to Long Harbour,22.4517150586737,114.346718509555,WGS84
2016S0005,2016-01-07,2016-02-09,Dinoflagellates,Karenia papilionacea,Yim Tin Tsai Fish Culture Zone,22.4529483204561,114.205985011439,WGS84
2016S0005,2016-01-07,2016-02-09,Dinoflagellates,Karenia mikimotoi,Yim Tin Tsai Fish Culture Zone,22.4529483204561,114.205985011439,WGS84
2016S0006,2016-01-09,2016-02-09,Dinoflagellates,Karenia mikimotoi,Yung Shue Au Fish Culture Zone,22.4240724672059,114.278507175042,WGS84
2016S0006,2016-01-09,2016-02-09,Dinoflagellates,Karenia papilionacea,Yung Shue Au Fish Culture Zone,22.4240724672059,114.278507175042,WGS84
2016S0007,2016-01-10,2016-02-09,Dinoflagellates,Karenia mikimotoi,Yim Tin Tsai (East) Fish Culture Zone,22.4542400955121,114.222001231812,WGS84
2016S0007,2016-01-10,2016-02-09,Dinoflagellates,Karenia papilionacea,Yim Tin Tsai (East) Fish Culture Zone,22.4542400955121,114.222001231812,WGS84
2016S0008,2016-01-21,2016-02-09,Dinoflagellates,Karenia papilionacea,Kau Lau Wan Fish Culture Zone,22.4582402900305,114.359413039367,WGS84
2016S0008,2016-01-21,2016-02-09,Dinoflagellates,Karenia mikimotoi,Kau Lau Wan Fish Culture Zone,22.4582402900305,114.359413039367,WGS84
2016S0009,2016-01-21,2016-01-25,Dinoflagellates,Noctiluca scintillans,Cheung Sha Wan Fish Culture Zone,22.2364316981356,114.006256351355,WGS84
2016S0010,2016-01-29,2016-02-09,Dinoflagellates,Karenia mikimotoi,Tap Mun Fish Culture Zone,22.4736227961074,114.354728958064,WGS84
2016S0010,2016-01-29,2016-02-09,Dinoflagellates,Karenia papilionacea,Tap Mun Fish Culture Zone,22.4736227961074,114.354728958064,WGS84
2016S0011,2016-01-29,2016-02-09,Dinoflagellates,Karenia mikimotoi,O Pui Tong Fish Culture Zone,22.5451763216855,114.299404474638,WGS84
2016S0011,2016-01-29,2016-02-09,Dinoflagellates,Karenia papilionacea,O Pui Tong Fish Culture Zone,22.5451763216855,114.299404474638,WGS84
2016S0012,2016-02-05,2016-02-25,Dinoflagellates,Akashiwo sanguinea,Southeast waters of Kau Sai Chau including Kau Sai Fish Culture Zone,22.3524497191917,114.331015897898,WGS84
2016S0013,2016-02-10,2016-04-15,Dinoflagellates,Akashiwo sanguinea,"Sai Kung Waters including PTO, KS, TCW, TTC, KLW and MNW FCZs",22.3488207341274,114.285670101399,WGS84
2016S0014,2016-02-11,2016-02-26,Dinoflagellates,Akashiwo sanguinea,"Clear Water Bay Second Beach, Sai Kung",22.288282225345,114.289509894965,WGS84
2016S0015,2016-02-11,2016-02-18,Dinoflagellates,Akashiwo sanguinea,"Silverstrand Beach, Sai Kung",22.3228857918815,114.272312843512,WGS84
2016S0016,2016-02-13,2016-04-06,Dinoflagellates,Akashiwo sanguinea,Wong Chuk Kok Hoi to O Pui Tong including Wong Wan & O Pui Tong FCZs,22.5095723676055,114.320614105436,WGS84
2016S0020,2016-02-13,2016-02-25,Dinoflagellates,Akashiwo sanguinea,Tai Tam Bay,22.2246235890467,114.22585892327,WGS84
2016S0017,2016-02-14,2016-02-18,Dinoflagellates,Akashiwo sanguinea,"Deep Water Bay Beach, Hong Kong Island",22.2438527610108,114.187431511753,WGS84
2016S0018,2016-02-14,2016-04-06,Dinoflagellates,Akashiwo sanguinea,"Starling Inlet to Double Haven including Sha Tau Kok, Ap Chau and Kat O FCZs",22.5382507573393,114.271501594249,WGS84
2016S0019,2016-02-14,2016-03-24,Dinoflagellates,Akashiwo sanguinea,Rocky Harbour including Leung Shuen Wan Fish Culture Zone,22.3442576781368,114.345121176908,WGS84
2016S0021,2016-02-14,2016-02-25,Dinoflagellates,Akashiwo sanguinea,Deep Water Bay,22.2414829527886,114.182955790193,WGS84
2016S0022,2016-02-18,2016-02-26,Dinoflagellates,Akashiwo sanguinea,Tathong Channel to Lei Yue Mun including Tung Lung Chau Fish Culture Zone,22.2633181711712,114.263340514367,WGS84
2016S0022,2016-02-18,2016-02-26,Others,Dictyocha octonaria,Tathong Channel to Lei Yue Mun including Tung Lung Chau Fish Culture Zone,22.2633181711712,114.263340514367,WGS84
2016S0022,2016-02-18,2016-02-26,Dinoflagellates,Noctiluca scintillans,Tathong Channel to Lei Yue Mun including Tung Lung Chau Fish Culture Zone,22.2633181711712,114.263340514367,WGS84
2016S0023,2016-02-19,2016-04-14,Dinoflagellates,Akashiwo sanguinea,"Port Shelter, Sai Kung",22.3383898066865,114.276288982611,WGS84
2016S0023,2016-02-19,2016-04-14,Dinoflagellates,Noctiluca scintillans,"Port Shelter, Sai Kung",22.3383898066865,114.276288982611,WGS84
2016S0023,2016-02-19,2016-04-14,Others,Dictyocha octonaria,"Port Shelter, Sai Kung",22.3383898066865,114.276288982611,WGS84
2016S0024,2016-02-19,2016-02-25,Others,Dictyocha octonaria,Long Harbour,22.4558941446913,114.343016762526,WGS84
2016S0024,2016-02-19,2016-02-25,Dinoflagellates,Noctiluca scintillans,Long Harbour,22.4558941446913,114.343016762526,WGS84
2016S0025,2016-02-23,2016-03-11,Dinoflagellates,Akashiwo sanguinea,Tolo Channel,22.47964562251,114.310662757959,WGS84
2016S0026,2016-02-27,2016-02-29,Dinoflagellates,Noctiluca scintillans,"Silverstrand Beach, Sai Kung",22.3226527625648,114.272289263944,WGS84
2016S0026,2016-02-27,2016-02-29,Dinoflagellates,Akashiwo sanguinea,"Silverstrand Beach, Sai Kung",22.3226527625648,114.272289263944,WGS84
2016S0027,2016-02-29,2016-03-04,Dinoflagellates,Akashiwo sanguinea,Junk Bay,22.2945511080509,114.264571283636,WGS84
2016S0028,2016-03-01,2016-03-16,Dinoflagellates,Akashiwo sanguinea,"Hoi Ha Wan, Sai Kung",22.4710377262612,114.335260126804,WGS84
2016S0029,2016-03-02,2016-03-16,Dinoflagellates,Akashiwo sanguinea,Sham Wan Fish Culture Zone,22.4406708539022,114.352999308756,WGS84
2016S0030,2016-03-03,2016-03-22,Dinoflagellates,Akashiwo sanguinea,East Lamma Channel and West Lamma Channel including CSW and SKW FCZs,22.2449717404778,114.079504633723,WGS84
2016S0031,2016-03-04,2016-03-14,Dinoflagellates,Akashiwo sanguinea,Lo Tik Wan Fish Culture Zone,22.2210154874582,114.129515810363,WGS84
2016S0032,2016-03-05,2016-03-24,Dinoflagellates,Akashiwo sanguinea,"Clear Water Bay Second Beach, Sai Kung",22.2875705248849,114.288605041102,WGS84
2016S0033,2016-03-05,2016-03-10,Dinoflagellates,Akashiwo sanguinea,"Silver Mine Bay Beach, Lantau Island",22.2707718324401,114.000659803666,WGS84
2016S0034,2016-03-05,2016-03-21,Dinoflagellates,Akashiwo sanguinea,"Kwun Yam Beach, Cheung Chau",22.2074801009354,114.034617088677,WGS84
2016S0035,2016-03-05,2016-03-21,Dinoflagellates,Akashiwo sanguinea,Cheung Chau Tung Wan Beach,22.2095584893221,114.031600400323,WGS84
2016S0036,2016-03-05,2016-03-14,Dinoflagellates,Akashiwo sanguinea,Discovery Bay to Silver Mine Bay,22.2975192338985,114.035625527174,WGS84
2016S0037,2016-03-07,2016-03-14,Dinoflagellates,Akashiwo sanguinea,Central Pier,22.2885598044345,114.159163922989,WGS84
2016S0038,2016-03-10,2016-03-14,Dinoflagellates,Akashiwo sanguinea,"Golden Beach, Tuen Mun",22.3701058983055,113.988491261032,WGS84
2016S0039,2016-03-29,2016-04-15,Dinoflagellates,Akashiwo sanguinea,"Silver Mine Bay Beach, Lantau Island",22.2707200468666,114.000132349276,WGS84
2016S0040,2016-03-29,2016-04-29,Dinoflagellates,Akashiwo sanguinea,"Tolo Harbour to Long Harbour including YTT, YE, TM, KAU and SW FCZs",22.460094326991,114.280904727055,WGS84
2016S0046,2016-03-31,2016-04-14,Dinoflagellates,Noctiluca scintillans,Deep Water Bay to Tai Tam Bay,22.1988757543143,114.202484963744,WGS84
2016S0047,2016-03-31,2016-04-14,Dinoflagellates,Noctiluca scintillans,Clear Water Bay to Tung Lung Chau including Tung Lung Chau Fish Culture Zone,22.2598565965416,114.305289705159,WGS84
2016S0042,2016-03-31,2016-04-13,Dinoflagellates,Noctiluca scintillans,"Turtle Cove Beach, Hong Kong Island",22.2327785304819,114.223179372175,WGS84
2016S0043,2016-03-31,2016-04-13,Dinoflagellates,Noctiluca scintillans,"Deep Water Bay Beach, Hong Kong Island",22.2430735850349,114.187838979605,WGS84
2016S0041,2016-03-31,2016-04-11,Dinoflagellates,Noctiluca scintillans,"Clear Water Bay Second Beach, Sai Kung",22.2879391798166,114.288042573042,WGS84
2016S0044,2016-03-31,2016-04-08,Dinoflagellates,Noctiluca scintillans,"South Bay Beach, Hong Kong Island",22.2244766795861,114.196374095073,WGS84
2016S0045,2016-03-31,2016-04-13,Dinoflagellates,Noctiluca scintillans,"Repulse Bay Beach, Hong Kong Island",22.2354126053455,114.196892640564,WGS84
2016S0049,2016-04-01,2016-04-15,Dinoflagellates,Akashiwo sanguinea,"Lower Cheung Sha Beach, Lantau Island",22.2331034584699,113.951498285563,WGS84
2016S0048,2016-04-01,2016-04-15,Dinoflagellates,Akashiwo sanguinea,"Tong Fuk Beach, Lantau Island",22.2276846172504,113.936363013025,WGS84
2016S0050,2016-04-01,2016-04-15,Dinoflagellates,Akashiwo sanguinea,"Upper Cheung Sha Beach, Lantau Island",22.2310570694371,113.944229204477,WGS84
2016S0051,2016-04-01,2016-04-12,Dinoflagellates,Noctiluca scintillans,"Stanley Main Beach, Hong Kong Island",22.2208879547785,114.214368205862,WGS84
2016S0053,2016-04-01,2016-04-12,Dinoflagellates,Noctiluca scintillans,"Chung Hom Kok Beach, Hong Kong Island",22.2170983226152,114.20144155084,WGS84
2016S0052,2016-04-01,2016-04-12,Dinoflagellates,Noctiluca scintillans,"Middle Bay Beach, Hong Kong Island",22.2297142140379,114.197811844055,WGS84
2016S0057,2016-04-01,2016-04-14,Dinoflagellates,Noctiluca scintillans,Sheung Sze Mun to Ninepin Group,22.2267519561027,114.309153957321,WGS84
2016S0056,2016-04-01,2016-04-11,Dinoflagellates,Noctiluca scintillans,"Clear Water Bay First Beach, Sai Kung",22.2910053671948,114.29127107229,WGS84
2016S0054,2016-04-01,2016-04-15,Dinoflagellates,Noctiluca scintillans,"Pui O Beach, Lantau Island",22.2389395255053,113.975603829559,WGS84
2016S0054,2016-04-01,2016-04-15,Dinoflagellates,Akashiwo sanguinea,"Pui O Beach, Lantau Island",22.2389395255053,113.975603829559,WGS84
2016S0055,2016-04-01,2016-04-11,Dinoflagellates,Noctiluca scintillans,"Shek O Beach, Hong Kong Island",22.2286360828073,114.251500800167,WGS84
2016S0058,2016-04-03,2016-04-11,Dinoflagellates,Noctiluca scintillans,"Silverstrand Beach, Sai Kung",22.3229306703437,114.272196098707,WGS84
2016S0059,2016-04-03,2016-04-14,Dinoflagellates,Noctiluca scintillans,Junk Bay,22.2935638429296,114.259607573025,WGS84
2016S0059,2016-04-03,2016-04-14,Dinoflagellates,Akashiwo sanguinea,Junk Bay,22.2935638429296,114.259607573025,WGS84
2016S0061,2016-04-05,2016-04-29,Dinoflagellates,Noctiluca scintillans,"Wong Mau Chau to Po Pin Chau waters, Sai Kung",22.3976873690989,114.398331316588,WGS84
2016S0062,2016-04-05,2016-04-08,Dinoflagellates,Noctiluca scintillans,"Sheung Sze Wan, Sai Kung",22.3079246472811,114.292124350701,WGS84
2016S0060,2016-04-06,2016-04-11,Dinoflagellates,Akashiwo sanguinea,"Big Wave Bay Beach, Hong Kong Island",22.2464371656231,114.247447706883,WGS84
2016S0064,2016-04-07,2016-04-11,Dinoflagellates,Noctiluca scintillans,"Hap Mun Bay Beach, Sai Kung",22.3565496665292,114.295843505218,WGS84
2016S0063,2016-04-07,2016-04-11,Dinoflagellates,Noctiluca scintillans,"Trio Beach, Sai Kung",22.3572214297694,114.26704945943,WGS84
2016S0065,2016-04-14,2016-04-29,Dinoflagellates,Akashiwo sanguinea,Tathong Channel to Joss House Bay including Tung Lung Chau Fish Culture Zone,22.2539872338984,114.268247670634,WGS84
2016S0066,2016-04-14,2016-04-29,Dinoflagellates,Akashiwo sanguinea,Clear Water Bay to Port Shelter,22.3383929897524,114.282419418513,WGS84
2016S0067,2016-04-15,2016-04-18,Dinoflagellates,Akashiwo sanguinea,"Hap Mun Bay Beach, Sai Kung",22.3565213953138,114.295888014202,WGS84
2016S0068,2016-04-15,2016-04-21,Dinoflagellates,Noctiluca scintillans,Tolo Channel including Lo Fu Wat Fish Culture Zone,22.4660548162241,114.278807605584,WGS84
2016S0069,2016-04-15,2016-04-17,Dinoflagellates,Akashiwo sanguinea,Cheung Chau Tung Wan Beach,22.2102725024297,114.030331984736,WGS84
2016S0069,2016-04-15,2016-04-17,Dinoflagellates,Noctiluca scintillans,Cheung Chau Tung Wan Beach,22.2102725024297,114.030331984736,WGS84
2016S0070,2016-04-16,2016-04-19,Dinoflagellates,Noctiluca scintillans,"Lo So Shing Beach, Lamma Island",22.2047117524487,114.122302426898,WGS84
2016S0071,2016-04-19,2016-04-25,Dinoflagellates,Akashiwo sanguinea,O Pui Tong including O Pui Tong Fish Culture Zone,22.5432824364164,114.301285795423,WGS84
2016S0072,2016-04-22,2016-04-29,Dinoflagellates,Noctiluca scintillans,Sham Wan Fish Culture Zone,22.4409028205043,114.353088536678,WGS84
2016S0073,2016-04-24,2016-04-26,Dinoflagellates,Noctiluca scintillans,"Pui O Beach, Lantau Island",22.2392412968157,113.976008312563,WGS84
2016S0074,2016-04-25,2016-04-29,Dinoflagellates,Noctiluca scintillans,"Turtle Cove Beach, Hong Kong Island",22.2327526834403,114.223215292439,WGS84
2016S0075,2016-04-25,2016-04-29,Dinoflagellates,Noctiluca scintillans,Wong Chuk Kok Hoi,22.5084318723527,114.318119892225,WGS84
2016S0077,2016-05-01,2016-05-04,Dinoflagellates,Noctiluca scintillans,"Silverstrand Beach, Sai Kung",22.3232688543564,114.272230610913,WGS84
2016S0076,2016-05-01,2016-05-09,Dinoflagellates,Noctiluca scintillans,"Tolo Harbour to Long Harbour including  LFW,YTT,YE,TM,KAU&SW FCZ",22.4561735288333,114.275856682007,WGS84
2016S0084,2016-05-01,2016-05-13,Dinoflagellates,Noctiluca scintillans,Double Haven to Tung Ping Chau including O Pui Tong FCZ,22.5369611820736,114.391527838195,WGS84
2016S0078,2016-05-02,2016-05-04,Dinoflagellates,Noctiluca scintillans,"Kiu Tsui Beach, Sai Kung",22.368162009087,114.287918275326,WGS84
2016S0079,2016-05-02,2016-05-04,Dinoflagellates,Noctiluca scintillans,"Hap Mun Bay Beach, Sai Kung",22.3565750125121,114.295933214127,WGS84
2016S0080,2016-05-03,2016-05-09,Dinoflagellates,Noctiluca scintillans,"Clear Water Bay First Beach, Sai Kung",22.2911168554888,114.291532113361,WGS84
2016S0086,2016-05-03,2016-05-06,Dinoflagellates,Noctiluca scintillans,Junk Bay,22.2990294096106,114.261072706116,WGS84
2016S0081,2016-05-03,2016-05-11,Dinoflagellates,Noctiluca scintillans,"Clear Water Bay Second Beach, Sai Kung",22.2880927906181,114.288055755868,WGS84
2016S0082,2016-05-03,2016-05-11,Dinoflagellates,Noctiluca scintillans,"Shek O Beach, Hong Kong Island",22.2288383939461,114.251802665518,WGS84
2016S0085,2016-05-03,2016-05-13,Dinoflagellates,Noctiluca scintillans,"Wong Mau Chau to Tai Long Wan, Sai Kung",22.4255882736493,114.417023831699,WGS84
2016S0083,2016-05-03,2016-05-11,Dinoflagellates,Noctiluca scintillans,"Turtle Cove Beach, Hong Kong Island",22.2324539616822,114.223073031383,WGS84
2016S0087,2016-05-04,2016-05-11,Dinoflagellates,Noctiluca scintillans,Tai Miu Wan to Sheung Sze Mun including Tung Lung Chau Fish Culture Zone,22.2096221177787,114.26566280569,WGS84
2016S0088,2016-05-05,2016-05-09,Dinoflagellates,Noctiluca scintillans,"Big Wave Bay Beach, Hong Kong Island",22.2464403295085,114.2475858303,WGS84
2016S0089,2016-05-07,2016-05-10,Dinoflagellates,Noctiluca scintillans,"Stanley Main Beach, Hong Kong Island",22.221596140906,114.214296445527,WGS84
2016S0090,2016-08-04,2016-08-22,Dinoflagellates,Gonyaulax verior,"Tolo Harbour including Yim Tin Tsai, Yim Tin Tsai East and Yung Shue Au FCZs",22.4468445557271,114.234457362906,WGS84
2016S0090,2016-08-04,2016-08-22,Dinoflagellates,Heterocapsa pygmaea,"Tolo Harbour including Yim Tin Tsai, Yim Tin Tsai East and Yung Shue Au FCZs",22.4468445557271,114.234457362906,WGS84
2016S0091,2016-09-06,2016-09-14,Dinoflagellates,Neoceratium furca,Rocky Harbour including Tai Tau Chau Fish Culture Zone,22.3479868415313,114.334491317106,WGS84
2016S0092,2016-11-06,2016-11-15,Others,Phaeocystis globosa,"Tsam Chuk Wan, Sai Kung",22.390542539363,114.315294374212,WGS84
2016S0093,2016-12-21,2016-12-28,Others,Mesodinium rubrum,"Yeung Chau to Tai Tau Chau, Sai Kung including Tai Tau Chau FCZ",22.382141348214,114.295236099987,WGS84
2016S0094,2016-12-29,2017-01-20,Others,Phaeocystis globosa,Junk Bay,22.2984745875267,114.26040800232,WGS84
2017S0001,2017-01-02,2017-01-09,Dinoflagellates,Noctiluca scintillans,Long Harbour including Tap Mun and Sham Wan fish culture zones,22.4752750350273,114.346634749376,WGS84
2017S0002,2017-01-02,2017-01-19,Others,Phaeocystis globosa,Deep Bay to Urmston Road,22.3600501375757,113.964452371899,WGS84
2017S0003,2017-01-04,2017-01-20,Others,Phaeocystis globosa,"Southwestern waters of Hong Kong including MW, LTW, SKW and CSW FCZs",22.2438460357057,114.010121894811,WGS84
2017S0004,2017-01-11,2017-01-26,Others,Phaeocystis globosa,"Deep Water Bay Beach, Hong Kong Island",22.2447396772912,114.18708143723,WGS84
2017S0005,2017-01-11,2017-01-20,Others,Phaeocystis globosa,"Repluse Bay Beach, Hong Kong Island",22.2376618876635,114.194139949067,WGS84
2017S0006,2017-01-11,2017-01-12,Others,Phaeocystis globosa,"South Bay Beach, Hong Kong Island",22.2249865642328,114.197309106169,WGS84
2017S0007,2017-01-11,2017-01-13,Others,Phaeocystis globosa,"Middle Bay Beach, Hong Kong Island",22.2298225524499,114.197973031895,WGS84
2017S0010,2017-01-11,2017-01-19,Others,Phaeocystis globosa,"Castle Peak Beach, Tuen Mun",22.3787805728599,113.98025101781,WGS84
2017S0009,2017-01-11,2017-01-19,Others,Phaeocystis globosa,"Cafeteria New Beach, Tuen Mun",22.3724087874366,113.987418232868,WGS84
2017S0008,2017-01-11,2017-01-19,Others,Phaeocystis globosa,"Golden Beach, Tuen Mun",22.372257089107,113.98754603185,WGS84
2017S0011,2017-01-20,2017-01-23,Others,Phaeocystis globosa,"Pui O Beach, Lantau Island",22.2393087751193,113.977182789332,WGS84
2017S0012,2017-01-23,2017-01-27,Dinoflagellates,Akashiwo sanguinea,Tolo Harbour near Pak Sha Tau,22.4553056329034,114.244846591416,WGS84
2017S0012,2017-01-23,2017-01-27,Dinoflagellates,Tripos furca,Tolo Harbour near Pak Sha Tau,22.4553056329034,114.244846591416,WGS84
2017S0013,2017-02-06,2017-02-14,Others,Plagioselmis prolonga,Shing Mun River Channel near Lion Bridge,22.3759398181691,114.186222470923,WGS84
2017S0014,2017-02-08,2017-02-09,Others,Mesodinium rubrum,East Lamma Channel and West Lamma Channel,22.2396967137507,114.079663038157,WGS84
2017S0015,2017-03-13,2017-03-16,Dinoflagellates,Noctiluca scintillans,"Stanley Main Beach, Hong Kong Island",22.2208242812422,114.214398896487,WGS84
2017S0016,2017-03-14,2017-03-17,Dinoflagellates,Noctiluca scintillans,"Silverstrand Beach, Sai Kung",22.3228665912637,114.271977636557,WGS84
2017S0017,2017-03-18,2017-03-21,Dinoflagellates,Noctiluca scintillans,"Silverstrand Beach, Sai Kung",22.323101803175,114.271821293005,WGS84
2017S0018,2017-04-10,2017-04-20,Dinoflagellates,Gonyaulax polygramma,"Hoi Ha Wan, Sai Kung",22.4771673229527,114.327759741565,WGS84
2017S0019,2017-04-10,2017-04-20,Dinoflagellates,Gonyaulax polygramma,Tung Ping Chau,22.5376599109902,114.433543278304,WGS84
2017S0020,2017-04-11,2017-04-13,Dinoflagellates,Gonyaulax polygramma,"Tai Tam Harbour, Hong Kong Island",22.2403865869851,114.226265425745,WGS84
2017S0021,2017-04-16,2017-04-18,Dinoflagellates,Gonyaulax polygramma,"Silverstrand Beach, Sai Kung",22.3231734056533,114.272192187043,WGS84
2017S0022,2017-04-18,2017-04-28,Dinoflagellates,Gonyaulax polygramma,"Sheung Sze Wan , Sai Kung",22.3071894151425,114.293697896742,WGS84
2017S0023,2017-04-20,2017-04-24,Dinoflagellates,Gonyaulax polygramma,"Stanley Main Beach, Hong Kong Island",22.2215579617736,114.21459731491,WGS84
2017S0024,2017-04-20,2017-04-24,Dinoflagellates,Gonyaulax polygramma,"Turtle Cove Beach, Hong Kong Island",22.2328578965873,114.223322085233,WGS84
2017S0026,2017-04-20,2017-04-23,Diatom,Thalassiosira tealata,"Cafeteria New Beach, Tuen Mun",22.3730648180271,113.986595248877,WGS84
2017S0025,2017-04-20,2017-04-23,Diatom,Thalassiosira tealata,"Golden Beach, Tuen Mun",22.3708248865934,113.988109477854,WGS84
2017S0027,2017-04-21,2017-04-24,Dinoflagellates,Gonyaulax polygramma,"Clear Water Bay First Beach, Sai Kung",22.2911129926478,114.291413847548,WGS84
2017S0028,2017-04-21,2017-04-26,Dinoflagellates,Gonyaulax polygramma,"Repulse Bay Beach, Hong Kong Island",22.2372240451682,114.194381073822,WGS84
2017S0029,2017-04-21,2017-04-26,Dinoflagellates,Gonyaulax polygramma,"Deep Water Bay Beach, Hong Kong Island",22.2447956833904,114.186220706861,WGS84
2017S0032,2017-04-22,2017-04-27,Dinoflagellates,Gonyaulax polygramma,"Tai Tam Bay, Hong Kong Island",22.2178486958093,114.228791853022,WGS84
2017S0030,2017-04-22,2017-04-27,Dinoflagellates,Gonyaulax polygramma,Deep Water Bay,22.2416242900741,114.182511023708,WGS84
2017S0031,2017-04-23,2017-04-28,Dinoflagellates,Gonyaulax polygramma,"Clear Water Bay Second Beach, Sai Kung",22.2876531842424,114.288326220677,WGS84
2017S0033,2017-04-25,2017-05-05,Dinoflagellates,Gonyaulax polygramma,Lei Yue Mun to Tathong Channel including Tung Lung Chau Fish Culture Zone,22.2790620439336,114.260815890957,WGS84
2017S0034,2017-04-25,2017-05-03,Dinoflagellates,Gonyaulax polygramma,"Port Shelter and Rocky Harbour including KS, TCW and TTC FCZs",22.3518617353793,114.28988849294,WGS84
2017S0035,2017-04-25,2017-04-28,Dinoflagellates,Gonyaulax polygramma,"Starling Inlet to Crooked Harbour including STK, AC and KO FCZs",22.5438932124648,114.27398398801,WGS84
2017S0036,2017-04-26,2017-04-29,Dinoflagellates,Noctiluca scintillans,"Hap Mun Bay Beach, Sai Kung",22.3562115352007,114.295524720862,WGS84
2017S0036,2017-04-26,2017-04-29,Dinoflagellates,Cochlodinium convolutum,"Hap Mun Bay Beach, Sai Kung",22.3562115352007,114.295524720862,WGS84
2017S0037,2017-04-27,2017-05-05,Dinoflagellates,Gonyaulax polygramma,Tolo Harbour including Yung Shue Au Fish Culture Zone,22.4398806921154,114.237134416428,WGS84
2017S0038,2017-05-01,2017-05-05,Dinoflagellates,Gonyaulax polygramma,Tolo Harbour near Wu Kai Sha,22.4318819349764,114.245031245525,WGS84
2017S0039,2017-05-06,2017-05-11,Dinoflagellates,Prorocentrum rhathymum,"Deep Water Bay Beach, Hong Kong Island",22.2445013989817,114.186854295036,WGS84
2017S0039,2017-05-06,2017-05-11,Dinoflagellates,Akashiwo sanguinea,"Deep Water Bay Beach, Hong Kong Island",22.2445013989817,114.186854295036,WGS84
2017S0040,2017-06-22,2017-06-26,Diatom,Chaetoceros salsugineum,Tolo Harbour including Yim Tin Tsai Fish Culture Zone,22.4524030722858,114.206670916881,WGS84
2017S0041,2017-07-02,2017-07-11,Diatom,Pseudo-nitzschia pungens,Junk Bay to Tathong Channel inculding Tung Lung Chau Fish Culture Zone,22.2545109533283,114.271334139192,WGS84
2017S0042,2017-07-12,2017-07-19,Diatom,Cerataulina pelagica,"East Lamma Channel and West Lamma Channel including CSW, LTW, SKW FCZ",22.2487129721012,114.074287573186,WGS84
2017S0043,2017-07-12,2017-07-17,Diatom,Cerataulina pelagica,New Yau Ma Tei Typhoon Shelter,22.3107473163533,114.157440943696,WGS84
2017S0044,2017-07-14,2017-07-19,Diatom,Cerataulina pelagica,"Silver Mine Bay, Lantau Island",22.2662820128721,114.00489643815,WGS84
2017S0045,2017-07-20,2017-07-27,Diatom,Thalassiosira pseudonana,East Lamma Channel,22.2207591751322,114.157821379177,WGS84
2017S0046,2017-07-21,2017-08-03,Diatom,Thalassiosira pseudonana,Waters east of Lantau Island,22.2339522197266,114.077496046212,WGS84
2017S0047,2017-07-21,2017-07-28,Diatom,Thalassiosira pseudonana,Victoria Harbour near Tsim Sha Tsui Promenade,22.295675037469,114.176961312175,WGS84
2017S0048,2017-09-28,2017-10-06,Diatom,Chaetoceros salsugineum,"Lei Yue Mun to Sheung Sze Mun including Junk Bay, Tathong Channel and TLC FCZ",22.2388463319073,114.267415222008,WGS84
2018S0001,2018-02-09,2018-02-13,Others,Mesodinium rubrum,Three Fathoms Cove including Yung Shue Au Fish Culture Zone,22.428324490946,114.277233905897,WGS84
2018S0002,2018-03-05,2018-03-06,Dinoflagellates,Noctiluca scintillans,"South Bay Beach, Hong Kong Island",22.2245397589991,114.19696648661,WGS84
2018S0003,2018-03-05,2018-03-06,Dinoflagellates,Noctiluca scintillans,"Chung Hum Kok Beach, Hong Kong Island",22.2174177322297,114.201898106438,WGS84
2018S0004,2018-03-05,2018-03-06,Dinoflagellates,Noctiluca scintillans,"Deep Water Bay Beach, Hong Kong Island",22.2436909673022,114.187972597424,WGS84
2018S0005,2018-03-20,2018-03-21,Dinoflagellates,Noctiluca scintillans,Shuen Wan Typhoon Shelter,22.4554942304941,114.213343882437,WGS84
2018S0006,2018-03-27,2018-04-04,Dinoflagellates,Akashiwo sanguinea,Crooked Harbour near Lai Chi Wo,22.52979125791,114.264329941299,WGS84
2018S0007,2018-03-27,2018-03-31,Dinoflagellates,Noctiluca scintillans,"A Ma Wan, Tung Ping Chau",22.5418359363317,114.436840675013,WGS84
2018S0008,2018-04-03,2018-04-04,Dinoflagellates,Noctiluca scintillans,Crooked Harbour near Kat O Public Pier,22.5503432937279,114.290219211662,WGS84
2018S0009,2018-04-17,2018-05-18,Dinoflagellates,Takayama tuberculata,"Tolo Harbour including YTT, YTTE and LFW fish culture zones",22.4397172281158,114.212295969472,WGS84
2018S0010,2018-04-24,2018-05-18,Dinoflagellates,Takayama tuberculata,Tolo Harbour including Yim Tin Tsai fish culture zone,22.4479408533142,114.197375154607,WGS84
2018S0010,2018-04-24,2018-05-18,Dinoflagellates,Scrippsiella trochoidea,Tolo Harbour including Yim Tin Tsai fish culture zone,22.4479408533142,114.197375154607,WGS84
2018S0011,2018-04-25,2018-04-26,Dinoflagellates,Noctiluca scintillans,"Silverstrand Beach, Sai Kung",22.3227322889021,114.272130612122,WGS84
2018S0012,2018-05-01,2018-05-14,Dinoflagellates,Scrippsiella trochoidea,Lo Fu Wat fish culture zone,22.469019114869,114.272589727761,WGS84
2018S0012,2018-05-01,2018-05-14,Dinoflagellates,Takayama tuberculata,Lo Fu Wat fish culture zone,22.469019114869,114.272589727761,WGS84
2018S0013,2018-05-12,2018-05-13,Dinoflagellates,Noctiluca scintillans,"Silverstrand Beach, Sai Kung",22.3226546902522,114.27220545235,WGS84
2018S0014,2018-06-01,2018-06-07,Dinoflagellates,Takayama tuberculata,"Silver Mine Bay Beach, Lantau Island",22.2697205355164,113.999434005322,WGS84
2018S0015,2018-06-04,2018-06-11,Dinoflagellates,Takayama tuberculata,Cheung Sha Wan Fish Culture Zone,22.2379191581377,114.007165207185,WGS84
2018S0016,2018-08-01,2018-08-17,Dinoflagellates,Scrippsiella trochoidea,Tolo Harbour including Yim Tin Tsai Fish Culture Zone,22.4508286250698,114.204319275624,WGS84
2018S0017,2018-09-04,2018-09-07,Diatom,Cyclotella choctawhatcheeana,Shing Mun River Channel near Sha Tin Park,22.3793814996091,114.191027057286,WGS84
2018S0018,2018-11-30,2018-12-05,Dinoflagellates,Prorocentrum balticum,Yim Tin Tsai Fish Culture Zone,22.4546710317666,114.208104893454,WGS84
2019S0001,2019-01-02,2019-01-04,Others,Mesodinium rubrum,"Stanley Main Beach, Hong Kong Island",22.2214533202047,114.215188356958,WGS84
2019S0002,2019-01-02,2019-01-07,Others,Mesodinium rubrum,Long Harbour,22.4389639673888,114.33943187522,WGS84
2019S0003,2019-01-04,2019-01-07,Others,Mesodinium rubrum,Sham Wan fish culture zone,22.4411724153566,114.353088158386,WGS84
2019S0004,2019-01-23,2019-01-25,Dinoflagellates,Akashiwo sanguinea,Hoi Ha Wan,22.4631803684375,114.328889292113,WGS84
2019S0005,2019-01-29,2019-02-08,Dinoflagellates,Noctiluca scintillans,Tolo Harbour,22.449351675076,114.195407805299,WGS84
2019S0006,2019-01-30,2019-02-08,Dinoflagellates,Noctiluca scintillans,Inner Port Shelter and Port Shelter including Ma Nam Wat Fish Culture Zone,22.3558225773347,114.283293069362,WGS84
2019S0007,2019-01-31,2019-02-07,Dinoflagellates,Noctiluca scintillans,Sha Tin Hoi,22.413077428849,114.217290520562,WGS84
2019S0008,2019-01-31,2019-02-01,Dinoflagellates,Noctiluca scintillans,"Silverstrand Beach, Sai Kung",22.3230278058759,114.271914936969,WGS84
2019S0009,2019-02-01,2019-02-08,Dinoflagellates,Noctiluca scintillans,Yim Tin Tsai FCZ and Plover Cove including Yim Tin Tsai (Esat) FCZ,22.4477441768859,114.232321424258,WGS84
2019S0010,2019-02-08,2019-02-14,Dinoflagellates,Akashiwo sanguinea,Port Shelter including Ma Nam Wat FCZ,22.3516360522835,114.270955992745,WGS84
2019S0011,2019-02-08,2019-02-12,Dinoflagellates,Noctiluca scintillans,"Silverstrand including Silverstrand Beach, Sai Kung",22.3233770724446,114.274677480593,WGS84
2019S0012,2019-02-08,2019-02-11,Dinoflagellates,Noctiluca scintillans,Eastern waters of Lantau Island including Silver Mine Bay Beach and Nim Shue Wan,22.2649328685792,114.022814480265,WGS84
2019S0013,2019-02-08,2019-02-11,Dinoflagellates,Noctiluca scintillans,"Pui O Beach, Lantau Island",22.2362615550133,113.974740300804,WGS84
2019S0014,2019-02-08,2019-02-18,Dinoflagellates,Akashiwo sanguinea,"Tong Fuk Beach, Lantau Island",22.2276159830585,113.935021824205,WGS84
2019S0015,2019-02-11,2019-02-15,Dinoflagellates,Noctiluca scintillans,Cheung Chau Tung Wan Beach,22.2081958245548,114.032325362024,WGS84
2019S0016,2019-02-13,2019-02-20,Dinoflagellates,Noctiluca scintillans,"Cyberport, Hong Kong Island",22.2603928294343,114.127913767834,WGS84
2019S0016,2019-02-13,2019-02-20,Dinoflagellates,Gonyaulax polygramma,"Cyberport, Hong Kong Island",22.2603928294343,114.127913767834,WGS84
2019S0018,2019-02-13,2019-02-19,Dinoflagellates,Akashiwo sanguinea,"Wong Shek Pier, Sai Kung",22.4353543324636,114.337225722396,WGS84
2019S0019,2019-02-13,2019-02-14,Dinoflagellates,Noctiluca scintillans,"Hoi Ha Wan, Sai Kung",22.4619716886625,114.327826371785,WGS84
2019S0020,2019-02-13,2019-02-15,Dinoflagellates,Noctiluca scintillans,Tuen Mun Pier,22.3685035783933,113.969572190931,WGS84
2019S0017,2019-02-13,2019-02-14,Dinoflagellates,Noctiluca scintillans,Rambler Channel,22.3669319541711,114.101222117606,WGS84
2019S0021,2019-02-14,2019-02-15,Dinoflagellates,Noctiluca scintillans,Tolo Channel,22.4599601557451,114.267442528389,WGS84
2019S0022,2019-02-16,2019-02-17,Dinoflagellates,Noctiluca scintillans,"Lido Beach, Tsuen Wan",22.3673591133294,114.077076623212,WGS84
2019S0023,2019-02-16,2019-02-18,Dinoflagellates,Akashiwo sanguinea,"Upper Cheung Sha Beach, Lantau Island",22.2312943415431,113.947505271508,WGS84
2019S0024,2019-02-21,2019-02-22,Dinoflagellates,Gonyaulax polygramma,"Silver Mine Bay Beach, Lantau Island",22.2710977569204,114.000285981339,WGS84
2019S0024,2019-02-21,2019-02-22,Dinoflagellates,Akashiwo sanguinea,"Silver Mine Bay Beach, Lantau Island",22.2710977569204,114.000285981339,WGS84
2019S0024,2019-02-21,2019-02-22,Dinoflagellates,Prorocentrum triestinum,"Silver Mine Bay Beach, Lantau Island",22.2710977569204,114.000285981339,WGS84
2019S0025,2019-03-04,2019-03-06,Others,Mesodinium rubrum,"Golden Beach, Tuen Mun",22.3700481953139,113.987262997699,WGS84
2019S0026,2019-03-10,2019-03-15,Dinoflagellates,Noctiluca scintillans,Hoi Ha Wan,22.4606888614369,114.327384634971,WGS84
2019S0027,2019-03-11,2019-03-12,Dinoflagellates,Noctiluca scintillans,"Kwun Yam Beach, Cheung Chau",22.2069997996037,114.035213759676,WGS84
2019S0029,2019-03-11,2019-03-13,Dinoflagellates,Noctiluca scintillans,Waters off Tung Chung,22.2890636237721,113.934483758252,WGS84
2019S0028,2019-03-11,2019-03-12,Dinoflagellates,Noctiluca scintillans,"Approach Beach, Tsuen Wan",22.3670326335025,114.086879516015,WGS84
2019S0030,2019-03-12,2019-03-13,Dinoflagellates,Noctiluca scintillans,Rambler Channel near Hoi Hing Road,22.3704900277321,114.104558526468,WGS84
2019S0031,2019-03-19,2019-03-21,Dinoflagellates,Noctiluca scintillans,"Stanley Main Beach, Hong Kong Island",22.2204142039013,114.215296966599,WGS84
2019S0032,2019-03-19,2019-03-22,Dinoflagellates,Noctiluca scintillans,Kau Sai Fish Culture Zone,22.3418529705297,114.318468782468,WGS84
2019S0033,2019-03-27,2019-04-04,Others,Heterosigma akashiwo,Shing Mun River Channel near Banyan Bridge,22.388058059509,114.199589485958,WGS84
2019S0034,2019-03-30,2019-03-31,Others,Mesodinium rubrum,"Anglers' Beach, Tsuen Wan",22.36444231338,114.056460646936,WGS84
2019S0035,2019-03-30,2019-03-31,Others,Mesodinium rubrum,Ma Wan Tung Wan Beach,22.350285927236,114.062265714873,WGS84
2019S0036,2019-03-30,2019-04-04,Others,Heterosigma akashiwo,Tolo Harbour including Yim Tin Tsai and Yim Tin Tsai (East) fish culture zones,22.4459195114777,114.211320805712,WGS84
2019S0037,2019-04-17,2019-04-23,Dinoflagellates,Noctiluca scintillans,"Picnic Bay, Lamma Island",22.2089664492111,114.128693870285,WGS84
2019S0038,2019-04-19,2019-04-23,Dinoflagellates,Noctiluca scintillans,"Silver Mine Bay Beach, Lantau Island",22.271424354512,114.000398946688,WGS84
2019S0039,2019-05-21,2019-05-24,Others,Phaeocystis globosa,"Approach Beach, Tsuen Wan",22.3669154190368,114.086574614059,WGS84
2019S0041,2019-05-21,2019-05-24,Others,Phaeocystis globosa,Ting Kau Beach,22.3686799746365,114.080782176233,WGS84
2019S0040,2019-05-21,2019-05-24,Others,Phaeocystis globosa,"Lido Beach and Casam Beach, Tsuen Wan",22.3675561807582,114.076526480535,WGS84
2019S0042,2019-05-21,2019-05-28,Others,Phaeocystis globosa,Western waters of Hong Kong including Ma Wan F.C.Z.,22.3495822456697,113.993501805464,WGS84
2019S0044,2019-05-30,2019-06-03,Others,Phaeocystis globosa,"Castle Peak Beach, Tuen Mun",22.3793101800638,113.979683729732,WGS84
2019S0043,2019-05-30,2019-06-03,Others,Phaeocystis globosa,"Golden Beach, Tuen Mun",22.3711279163724,113.988491294049,WGS84
2019S0045,2019-05-30,2019-06-03,Others,Phaeocystis globosa,"Cafeteria Old Beach, Tuen Mun",22.3750300357369,113.984312818341,WGS84
2019S0046,2019-05-31,2019-06-03,Others,Phaeocystis globosa,"Cafeteria New Beach, Tuen Mun",22.3731714507677,113.986764857845,WGS84
2019S0047,2019-05-31,2019-06-02,Others,Phaeocystis globosa,"Kadoorie Beach, Tuen Mun",22.3763243345169,113.981572058299,WGS84
2020S0001,2020-04-26,2020-05-05,Dinoflagellates,Noctiluca scintillans,Hoi Ha Wan,22.4623233049247,114.327257023874,WGS84
2020S0002,2020-04-26,2020-05-05,Dinoflagellates,Noctiluca scintillans,Long Harbour including Sham Wan fish culture zone,22.4578345965098,114.348421640222,WGS84
2020S0003,2020-05-02,2020-05-07,Others,Heterosigma akashiwo,West Lamma Channel including Lo Tik Wan and Sok Kwu Wan fish culture zones,22.2245562078529,114.092069019684,WGS84
2020S0004,2020-05-03,2020-05-05,Others,Heterosigma akashiwo,"Golden Beach, Tuen Mun",22.3707190556025,113.98732671568,WGS84
2020S0005,2020-05-04,2020-05-07,Others,Heterosigma akashiwo,Victoria Harbor near Hong Kong China Ferry Terminal,22.2986161981779,114.166359035536,WGS84
2020S0006,2020-05-05,2020-05-07,Others,Heterosigma akashiwo,Victoria Harbour near Hong Kong Convention and Exhibition Centre,22.2826141983991,114.170539280123,WGS84
2020S0007,2020-05-12,2020-05-13,Others,Heterosigma akashiwo,"Silver Mine Bay Beach, Lantau Island",22.2715820247783,114.000827818824,WGS84
2020S0008,2020-06-02,2020-06-09,Dinoflagellates,Scrippsiella trochoidea,Tolo Harbour including Yim Tin Tsai and Yim Tin Tsai (East) fish culture zones,22.4506380184,114.241766841989,WGS84
2020S0009,2020-06-28,2020-07-06,Diatom,Chaetoceros pseudocurvisetus,Southern Waters including Victoria Harbour,22.2539653221079,114.08314568659,WGS84
2020S0009,2020-06-28,2020-07-06,Diatom,Guinardia delicatula,Southern Waters including Victoria Harbour,22.2539653221079,114.08314568659,WGS84
2020S0009,2020-06-28,2020-07-06,Diatom,Pseudo-nitzschia pungens,Southern Waters including Victoria Harbour,22.2539653221079,114.08314568659,WGS84
2020S0010,2020-07-13,2020-07-17,Diatom,Amphora spp.,Victoria Harbour near Kwun Tong Public Pier,22.3086358954551,114.219604992778,WGS84
2020S0011,2020-11-23,2020-11-24,Dinoflagellates,Noctiluca scintillans,"Ting Kau Beach, Tsuen Wan",22.3686157649302,114.079582996994,WGS84
2020S0012,2020-12-10,2020-12-11,Dinoflagellates,Noctiluca scintillans,Hoi Ha Wan,22.464846157298,114.330506236722,WGS84
2020S0013,2020-12-11,2020-12-13,Dinoflagellates,Noctiluca scintillans,"Silverstrand Beach, Sai Kung",22.323196567326,114.271795198879,WGS84
2020S0014,2020-12-23,2020-12-29,Others,Mesodinium rubrum,Long Harbour,22.4359469609034,114.339216885513,WGS84
2020S0015,2020-12-24,2020-12-28,Others,Mesodinium rubrum,Inner Port Shelter,22.3697960025334,114.282826801821,WGS84
2021S0001,2021-01-13,2021-01-19,Dinoflagellates,Noctiluca scintillans,Three Fathoms Cove including YSA FCZ,22.4326315503246,114.278362504362,WGS84
2021S0001,2021-01-13,2021-01-19,Dinoflagellates,Akashiwo sanguinea,Three Fathoms Cove including YSA FCZ,22.4326315503246,114.278362504362,WGS84
2021S0002,2021-01-18,2021-02-09,Others,Phaeocystis globosa,"Deep Water Bay Beach, Hong Kong Island",22.2439828064242,114.186803280599,WGS84
2021S0003,2021-01-19,2021-01-21,Others,Phaeocystis globosa,"South Bay Beach, Hong Kong Island",22.2249768261157,114.196153016791,WGS84
2021S0004,2021-01-19,2021-01-27,Others,Phaeocystis globosa,"Repulse Bay Beach, Hong Kong Island",22.2370257982504,114.194430210176,WGS84
2021S0005,2021-01-20,2021-02-02,Others,Phaeocystis globosa,"Waters off Wan Poon Path, Junk Bay",22.3079574926966,114.265226370607,WGS84
2021S0007,2021-01-23,2021-02-03,Others,Phaeocystis globosa,Long Harbour,22.4751746819597,114.349136216142,WGS84
2021S0006,2021-01-23,2021-01-29,Dinoflagellates,Noctiluca scintillans,Rambler Channel near Hoi Hing Road,22.3675472168875,114.106518517506,WGS84
2021S0008,2021-01-26,2021-01-28,Dinoflagellates,Noctiluca scintillans,"Lo Tik Wan, Lamma Island",22.2227386307879,114.125737674954,WGS84
2021S0009,2021-01-26,2021-02-05,Dinoflagellates,Noctiluca scintillans,Cheung Chau Tung Wan Beach,22.2094988455321,114.030918113476,WGS84
2021S0010,2021-01-26,2021-01-29,Dinoflagellates,Noctiluca scintillans,Wu Kai Sha,22.4390347210927,114.237152575959,WGS84
2021S0011,2021-01-28,2021-01-29,Dinoflagellates,Akashiwo sanguinea,Shuen Wan Typhoon Shelter,22.4550909412126,114.212037591668,WGS84
2021S0012,2021-01-29,2021-02-03,Others,Phaeocystis globosa,Victoria Harbour,22.2941655058799,114.154244632213,WGS84
2021S0013,2021-01-29,2021-02-03,Dinoflagellates,Noctiluca scintillans,Tuen Mun Ferry Pier,22.3714844667313,113.964826741694,WGS84
2021S0016,2021-01-31,2021-02-08,Others,Phaeocystis globosa,West Lamma Channel,22.1871185559326,114.039334407613,WGS84
2021S0014,2021-02-01,2021-02-05,Dinoflagellates,Akashiwo sanguinea,"Stanley Main Beach, Hong Kong Island",22.2215731581982,114.214451112911,WGS84
2021S0015,2021-02-01,2021-02-05,Others,Phaeocystis globosa,"Approach Beach, Tsuen Wan",22.3672958152676,114.086499199653,WGS84
2021S0017,2021-02-02,2021-02-05,Others,Phaeocystis globosa,Ma Wan Fish Culture Zone,22.3522775054098,114.054714152267,WGS84
2021S0018,2021-02-04,2021-02-10,Dinoflagellates,Akashiwo sanguinea,Deep Bay,22.4483139921625,113.934889657996,WGS84
2021S0019,2021-02-22,2021-02-23,Dinoflagellates,Noctiluca scintillans,"Repulse Bay including Repulse Bay Beach, Hong Kong Island",22.2354837766133,114.195525381261,WGS84
2021S0029,2021-02-22,2021-02-26,Dinoflagellates,Noctiluca scintillans,Rambler Channel,22.3687955562056,114.104679234358,WGS84
2021S0025,2021-02-22,2021-02-23,Dinoflagellates,Noctiluca scintillans,"Kwun Yam Beach, Cheung Chau",22.2076394458266,114.034099119539,WGS84
2021S0020,2021-02-22,2021-02-23,Dinoflagellates,Noctiluca scintillans,"South Bay Beach, Hong Kong Island",22.2246053359918,114.19677865679,WGS84
2021S0021,2021-02-22,2021-02-23,Dinoflagellates,Noctiluca scintillans,"Ting Kau Beach, Tsuen Wan",22.3689112972892,114.08170919607,WGS84
2021S0022,2021-02-22,2021-02-23,Dinoflagellates,Noctiluca scintillans,"Deep Water Bay Beach, Hong Kong Island",22.2430233861646,114.188063818481,WGS84
2021S0023,2021-02-22,2021-02-23,Dinoflagellates,Noctiluca scintillans,"Middle Bay Beach, Hong Kong Island",22.2297605066963,114.198010609259,WGS84
2021S0024,2021-02-22,2021-02-23,Dinoflagellates,Noctiluca scintillans,"Chung Hom Kok Beach, Hong Kong Island",22.2172842443139,114.201754557981,WGS84
2021S0026,2021-02-22,2021-02-25,Dinoflagellates,Noctiluca scintillans,"Lower Cheung Sha Beach, Lantau Island",22.2339739979888,113.95452636613,WGS84
2021S0027,2021-02-22,2021-02-23,Dinoflagellates,Noctiluca scintillans,"Turtle Cove Beach, Hong Kong Island",22.232815864227,114.223366022044,WGS84
2021S0028,2021-02-23,2021-02-25,Dinoflagellates,Noctiluca scintillans,"Stanley Main Beach, Hong Kong Island",22.2209462848426,114.214404040455,WGS84
2021S0030,2021-02-26,2021-02-27,Dinoflagellates,Noctiluca scintillans,Cheung Chau Tung Wan Beach,22.208183504428,114.032883442765,WGS84
2021S0031,2021-02-26,2021-03-03,Dinoflagellates,Noctiluca scintillans,Cheung Sha Wan Fish Culture Zone,22.2366545656572,114.006868689917,WGS84
2021S0032,2021-02-28,2021-03-02,Dinoflagellates,Noctiluca scintillans,Sha Tin Hoi,22.4108592025233,114.215686512208,WGS84
2021S0033,2021-03-01,2021-03-18,Dinoflagellates,Gonyaulax polygramma,Inner Port Shelter including TTC FCZ,22.3825825602931,114.287295674251,WGS84
2021S0034,2021-03-05,2021-03-09,Dinoflagellates,Noctiluca scintillans,Sheung Sze Wan,22.3059189988502,114.294062398762,WGS84
2021S0035,2021-03-08,2021-03-23,Dinoflagellates,Gonyaulax polygramma,Tolo Channel,22.4946662106522,114.326596396635,WGS84
2021S0036,2021-03-11,2021-03-18,Dinoflagellates,Gonyaulax polygramma,Port Shelter including MNW and KS FCZs,22.3444143483473,114.289305364023,WGS84
2021S0037,2021-03-12,2021-03-13,Dinoflagellates,Noctiluca scintillans,"Silverstrand Beach, Sai Kung",22.3230910743077,114.271822207833,WGS84
2021S0038,2021-03-15,2021-03-23,Dinoflagellates,Gonyaulax polygramma,O Pui Tong including O Pui Tong fish culture zone,22.5417159916422,114.300991445877,WGS84
2021S0039,2021-03-26,2021-04-22,Dinoflagellates,Takayama tuberculata,Deep Bay,22.4727126016778,113.980580554631,WGS84
2021S0040,2021-03-29,2021-03-31,Dinoflagellates,Noctiluca scintillans,"Chung Hom Kok Beach, Hong Kong Island",22.2171429671573,114.201777285706,WGS84
2021S0041,2021-04-05,2021-05-14,Dinoflagellates,Takayama tuberculata,"Silver Mine Bay Beach, Lantau Island",22.2706479153983,113.999921331371,WGS84
2021S0042,2021-04-09,2021-05-13,Dinoflagellates,Takayama tuberculata,Discovery Bay,22.3060219270203,114.022320990379,WGS84
2021S0043,2021-04-13,2021-05-13,Dinoflagellates,Takayama tuberculata,"Pui O Beach, Lantau Island",22.2390106496606,113.976287085764,WGS84
2021S0044,2021-04-23,2021-04-27,Dinoflagellates,Noctiluca scintillans,Tolo Harbour including Yim Tin Tsai Fish Culture Zone,22.4556193877228,114.203421291446,WGS84
2021S0044,2021-04-23,2021-04-27,Dinoflagellates,Karenia longicanalis,Tolo Harbour including Yim Tin Tsai Fish Culture Zone,22.4556193877228,114.203421291446,WGS84
2021S0045,2021-04-26,2021-05-06,Dinoflagellates,Takayama tuberculata,Cheung Sha Wan Fish Culture Zone,22.2389771604464,114.00761468247,WGS84
2021S0046,2021-05-09,2021-05-14,Diatom,Guinardia delicatula,Victoria Harbour from North Point Ferry Pier to Heng Fa Chuen ,22.2962991761936,114.220033912643,WGS84
2021S0047,2021-05-10,2021-05-14,Diatom,Guinardia delicatula,Waters off New Yau Ma Tei Typhoon Shelter,22.3189390380681,114.154066589869,WGS84
2021S0049,2021-07-30,2021-08-07,Dinoflagellates,Polykrikos geminatum,"Cafeteria New Beach, Tuen Mun",22.3736040306037,113.98559970271,WGS84
2021S0050,2021-07-30,2021-08-07,Dinoflagellates,Polykrikos geminatum,"Cafeteria Old Beach, Tuen Mun",22.3748331899504,113.983468345097,WGS84
2021S0048,2021-07-30,2021-08-07,Dinoflagellates,Polykrikos geminatum,"Golden Beach, Tuen Mun",22.3714307986175,113.988243251726,WGS84
2021S0052,2021-07-30,2021-08-07,Dinoflagellates,Polykrikos geminatum,"Butterfly Beach, Tuen Mun",22.3728102789062,113.957953418984,WGS84
2021S0051,2021-07-30,2021-08-07,Dinoflagellates,Polykrikos geminatum,Kadoorie Beach Tuen Mun,22.3763146164744,113.981162102713,WGS84
2021S0053,2021-07-30,2021-08-11,Dinoflagellates,Polykrikos geminatum,"Castle Peak Bay, Tuen Mun",22.3472833555202,113.95223725821,WGS84
2021S0054,2021-07-30,2021-08-07,Dinoflagellates,Polykrikos geminatum,"Castle Peak Beach, Tuen Mun",22.3792449216256,113.979192547364,WGS84
2021S0055,2021-07-31,2021-08-12,Dinoflagellates,Polykrikos geminatum,Western waters of Hong Kong including Ma Wan F.C.Z.,22.3475047895542,114.01997847354,WGS84
2021S0056,2021-08-01,2021-08-09,Dinoflagellates,Polykrikos geminatum,"Approach Beach, Tsuen Wan",22.3674461142285,114.085954240827,WGS84
2021S0058,2021-08-01,2021-08-09,Dinoflagellates,Polykrikos geminatum,"Anglers' Beach, Tsuen Wan",22.3646565924101,114.05621666663,WGS84
2021S0057,2021-08-01,2021-08-09,Dinoflagellates,Polykrikos geminatum,"Lido beach and Casam Beach, Tsuen Wan",22.3673074873797,114.075310069052,WGS84
2021S0059,2021-08-01,2021-08-09,Dinoflagellates,Polykrikos geminatum,"Hoi Mei Wan Beach, Tsuen Wan",22.3648013255059,114.0710859125,WGS84
2021S0060,2021-08-01,2021-08-09,Dinoflagellates,Polykrikos geminatum,"Ting Kau Beach, Tsuen Wan",22.3688436044682,114.079994474808,WGS84
2021S0061,2021-08-02,2021-08-11,Dinoflagellates,Polykrikos geminatum,Chi Ma Wan Peninsula to Peng Chau (including Cheung Sha Wan Fish Culture Zone),22.2732056313988,114.031865645216,WGS84
2021S0062,2021-08-02,2021-08-10,Dinoflagellates,Polykrikos geminatum,Victoria Harbour,22.2939852766612,114.155140813145,WGS84
2021S0063,2021-08-02,2021-08-09,Dinoflagellates,Polykrikos geminatum,"Ma Wan Tung Wan Beach, Tsuen Wan",22.3501278714912,114.061910772952,WGS84
2021S0064,2021-08-02,2021-08-11,Dinoflagellates,Polykrikos geminatum,Waters off Cyberport,22.2574823782505,114.128381524466,WGS84
2021S0065,2021-08-03,2021-08-05,Dinoflagellates,Polykrikos geminatum,"Silver Mine Bay Beach, Lantau Island",22.2699054171995,113.999871645875,WGS84
2021S0066,2021-08-21,2021-08-24,Dinoflagellates,Noctiluca scintillans,"Chung Hom Kok Beach, Hong Kong Island",22.2176090023196,114.201952608768,WGS84
2021S0067,2021-08-21,2021-08-26,Dinoflagellates,Noctiluca scintillans,"St. Stephen's Beach, Hong Kong Island",22.2127931489633,114.214896565166,WGS84
2021S0068,2021-08-21,2021-08-22,Dinoflagellates,Noctiluca scintillans,"Turtle Cove Beach, Hong Kong Island",22.2328909843578,114.223283354349,WGS84
2021S0069,2021-08-21,2021-08-22,Dinoflagellates,Noctiluca scintillans,"South Bay Beach, Hong Kong Island",22.2245468726036,114.196328109149,WGS84
2021S0070,2021-08-21,2021-08-22,Dinoflagellates,Noctiluca scintillans,"Middle Bay Beach, Hong Kong Island",22.231117983999,114.198053403483,WGS84
2021S0071,2021-08-22,2021-08-28,Dinoflagellates,Noctiluca scintillans,"Pui O Beach, Lantau Island ",22.2392147736675,113.976985289588,WGS84
2021S0072,2021-08-23,2021-08-25,Dinoflagellates,Noctiluca scintillans,"Repulse Bay, Hong Kong Island",22.2358443107599,114.189813713842,WGS84
2021S0073,2021-08-25,2021-09-01,Dinoflagellates,Noctiluca scintillans,"Hairpin Beach, Hong Kong Island",22.2241332233481,114.215002280381,WGS84
2021S0074,2021-08-25,2021-08-26,Dinoflagellates,Noctiluca scintillans,"Stanley Main Beach, Hong Kong Island",22.2220264257474,114.214351650631,WGS84
2022S0001,2022-03-12,2022-03-16,Dinoflagellates,Noctiluca scintillans,Tathong Channel to Lei Yue Mun including Junk Bay and Tung Lung Chau FCZ,22.2804631730595,114.251955629823,WGS84
2022S0003,2022-03-12,2022-03-18,Dinoflagellates,Noctiluca scintillans,"Rocky Bay Beach, Hong Kong Island",22.2312516963915,114.252244029715,WGS84
2022S0002,2022-03-12,2022-03-18,Dinoflagellates,Noctiluca scintillans,"Big Wave Bay Beach, Hong Kong Island",22.2464198685468,114.247390936142,WGS84
2022S0004,2022-03-12,2022-03-16,Dinoflagellates,Noctiluca scintillans,Victoria Harbour near Hung Hom,22.3073793314418,114.195159831991,WGS84
2022S0005,2022-03-13,2022-03-18,Dinoflagellates,Noctiluca scintillans,"Middle Bay Beach, Hong Kong Island",22.2297354122521,114.197947758646,WGS84
2022S0006,2022-03-13,2022-03-18,Dinoflagellates,Noctiluca scintillans,"South Bay Beach, Hong Kong Island",22.2259937562423,114.197734575759,WGS84
2022S0007,2022-03-13,2022-03-18,Dinoflagellates,Noctiluca scintillans,"Repulse Bay Beach, Hong Kong Island",22.2370243680748,114.193893911264,WGS84
2022S0008,2022-03-13,2022-03-25,Dinoflagellates,Noctiluca scintillans,"Deep Water Bay Beach, Hong Kong Island",22.2422700069592,114.187935228694,WGS84
2022S0009,2022-03-13,2022-03-18,Dinoflagellates,Noctiluca scintillans,"Stanley Main Beach, Hong Kong Island",22.2220767909299,114.214390524102,WGS84
2022S0010,2022-03-13,2022-03-16,Dinoflagellates,Noctiluca scintillans,Southern waters of Hong Kong including East Lamma Channel and Sheung Sze Mun,22.2002170407304,114.20403396806,WGS84
2022S0012,2022-03-14,2022-03-22,Dinoflagellates,Noctiluca scintillans,Eastern waters of Sai Kung,22.3578445168305,114.392866238933,WGS84
2022S0011,2022-03-14,2022-03-24,Dinoflagellates,Noctiluca scintillans,"Chung Hom Kok Beach, Hong Kong Island",22.2178775091027,114.201856278917,WGS84
2022S0014,2022-03-14,2022-03-25,Dinoflagellates,Noctiluca scintillans,Waters of Sai Kung including Silverstrand and Clear Water Bay,22.3264901812633,114.283937170858,WGS84
2022S0015,2022-03-14,2022-03-21,Others,Heterosigma akashiwo,Deep Bay,22.4710355370151,113.975175292198,WGS84
2022S0013,2022-03-14,2022-03-25,Dinoflagellates,Noctiluca scintillans,"Turtle Cove Beach, Hong Kong Island",22.2325539841436,114.223242952493,WGS84
2022S0016,2022-03-14,2022-03-24,Dinoflagellates,Akashiwo sanguinea,Southern waters of Lantau Island,22.2284677182611,113.95063068386,WGS84
2022S0017,2022-03-15,2022-03-18,Dinoflagellates,Noctiluca scintillans,"Clear Water Bay Second Beach, Sai Kung",22.2881878498291,114.288188458734,WGS84
2022S0018,2022-03-18,2022-03-24,Dinoflagellates,Noctiluca scintillans,"Silverstrand Beach, Sai Kung",22.3230264244407,114.271929917569,WGS84
2022S0019,2022-03-19,2022-03-24,Dinoflagellates,Noctiluca scintillans,Waters off Tsuen Wan West,22.3673569016393,114.109298172406,WGS84
2022S0020,2022-03-19,2022-03-24,Dinoflagellates,Noctiluca scintillans,Northern waters of Chek Lap Kok,22.3340274492199,113.931450849293,WGS84
2022S0022,2022-03-20,2022-03-24,Others,Heterosigma akashiwo,"Cafeteria New Beach, Tuen Mun",22.373558419028,113.985750791327,WGS84
2022S0021,2022-03-20,2022-03-24,Others,Heterosigma akashiwo,"Golden Beach, Tuen Mun",22.3714177999744,113.987987558011,WGS84
2022S0023,2022-03-20,2022-03-24,Others,Heterosigma akashiwo,"Cafeteria Old Beach, Tuen Mun",22.3744709938669,113.984647108161,WGS84
2022S0024,2022-03-27,2022-03-30,Dinoflagellates,Noctiluca scintillans,"Sham Wan, Lamma Island",22.188039494709,114.13525707504,WGS84
2022S0025,2022-04-06,2022-04-08,Dinoflagellates,Noctiluca scintillans,Junk Bay,22.2844041952865,114.266048017609,WGS84
2022S0026,2022-04-10,2022-04-19,Dinoflagellates,Noctiluca scintillans,Waters off Cyberport to Waterfall Bay Park,22.2480159732006,114.135474548429,WGS84
2022S0027,2022-04-11,2022-04-19,Dinoflagellates,Noctiluca scintillans,Sheung Sze Mun including Cape D'Aguilar Marine Reserve,22.2045137041719,114.256918618927,WGS84
2022S0028,2022-04-11,2022-04-20,Dinoflagellates,Noctiluca scintillans,"Deep Water Bay Beach, Hong Kong Island",22.24532118959,114.186058196285,WGS84
2022S0030,2022-04-11,2022-04-14,Dinoflagellates,Noctiluca scintillans,"Middle Bay Beach, Hong Kong Island",22.2298827601015,114.197965936797,WGS84
2022S0029,2022-04-11,2022-04-20,Dinoflagellates,Noctiluca scintillans,"Repulse Bay Beach, Hong Kong Island",22.2360898414466,114.19589014732,WGS84
2022S0031,2022-04-11,2022-04-20,Dinoflagellates,Noctiluca scintillans,"South Bay Beach, Hong Kong Island",22.2259849992284,114.197329781224,WGS84
2022S0032,2022-04-11,2022-04-20,Dinoflagellates,Noctiluca scintillans,"Pui O Beach, Lantau Island",22.2398411671402,113.974539547996,WGS84
2022S0034,2022-04-11,2022-04-14,Dinoflagellates,Noctiluca scintillans,"Big Wave Bay Beach, Hong Kong Island",22.2457507905427,114.248501707014,WGS84
2022S0033,2022-04-11,2022-04-14,Dinoflagellates,Scrippsiella trochoidea,"Shek O Beach, Hong Kong Island",22.2288237941217,114.251825973932,WGS84
2022S0035,2022-04-11,2022-04-20,Dinoflagellates,Noctiluca scintillans,"St. Stephen's Beach, Hong Kong Island",22.2135162038517,114.214445288241,WGS84
2022S0033,2022-04-11,2022-04-14,Dinoflagellates,Noctiluca scintillans,"Shek O Beach, Hong Kong Island",22.2288237941217,114.251825973932,WGS84
2022S0034,2022-04-11,2022-04-14,Dinoflagellates,Scrippsiella trochoidea,"Big Wave Bay Beach, Hong Kong Island",22.2457507905427,114.248501707014,WGS84
2022S0036,2022-04-12,2022-04-14,Dinoflagellates,Noctiluca scintillans,"Stanley Main Beach, Hong Kong Island",22.2214363805118,114.214394595,WGS84
2022S0037,2022-04-12,2022-04-14,Dinoflagellates,Noctiluca scintillans,"Upper Cheung Sha Beach, Lantau Island",22.2307957716675,113.942220304834,WGS84
2022S0038,2022-04-12,2022-04-14,Dinoflagellates,Noctiluca scintillans,"Tong Fuk Beach, Lantau Island",22.2280196298503,113.935999402999,WGS84
2022S0039,2022-04-12,2022-04-14,Dinoflagellates,Noctiluca scintillans,"Hung Shing Yeh Beach, Lamma Island",22.2185977327584,114.119601878331,WGS84
2022S0040,2022-07-21,2022-08-02,Diatom,Pseudo-nitzschia calliantha,Tathong Channel including Junk Bay and Tung Lung Chau Fish Culture Zone,22.2623293057913,114.285071866052,WGS84
2022S0041,2022-07-22,2022-07-28,Diatom,Pseudo-nitzschia calliantha,Deep Water Bay,22.2336442326076,114.178114371712,WGS84
2022S0042,2022-07-22,2022-08-02,Diatom,Pseudo-nitzschia calliantha,Victoria Harbour,22.2964036352459,114.219273928928,WGS84
2022S0043,2022-07-22,2022-07-29,Diatom,Pseudo-nitzschia calliantha,Clear Water Bay to Lung Ha Wan,22.2836184206918,114.307302781793,WGS84
2022S0044,2022-07-22,2022-07-28,Diatom,Pseudo-nitzschia calliantha,East Lamma Channel to Sulphur Channel,22.2586624122678,114.123130311134,WGS84
2022S0045,2022-07-25,2022-08-02,Diatom,Pseudo-nitzschia calliantha,Waters off Ap Lei Chau,22.2336394357768,114.146924789955,WGS84
2022S0046,2022-08-02,2022-08-11,Diatom,Dactyliosolen phuketensis,East Lamma Channel,22.2564163343078,114.116688852067,WGS84
2022S0047,2022-08-19,2022-08-25,Diatom,Cerataulina dentata,"Golden Beach, Tuen Mun",22.3715733306881,113.987505412119,WGS84
2022S0048,2022-08-19,2022-08-25,Diatom,Cerataulina dentata,"Cafeteria New Beach, Tuen Mun",22.3733111357517,113.986079737854,WGS84
2023S0001,2023-02-10,2023-02-14,Dinoflagellates,Noctiluca scintillans,"Ting Kau Beach, Tsuen Wan",22.3688258649369,114.079488703086,WGS84
2023S0002,2023-02-10,2023-02-15,Dinoflagellates,Noctiluca scintillans,"Silverstrand Beach, Sai Kung",22.3228831511505,114.27216124251,WGS84
2023S0003,2023-02-13,2023-02-15,Dinoflagellates,Noctiluca scintillans,"Deep Water Bay Beach, Hong Kong Island",22.2433496974338,114.187468437511,WGS84
2023S0004,2023-02-13,2023-02-14,Dinoflagellates,Noctiluca scintillans,Cheung Chau Tung Wan Beach,22.2092065700032,114.031072562167,WGS84
2023S0005,2023-02-13,2023-02-15,Dinoflagellates,Noctiluca scintillans,Rambler Channel near Hoi On Road,22.3712570513278,114.104746882298,WGS84
2023S0006,2023-02-20,2023-02-23,Others,Phaeocystis globosa,Peng Chau Public Pier,22.2841764380344,114.035820077127,WGS84
2023S0007,2023-03-21,2023-03-24,Dinoflagellates,Noctiluca scintillans,Southern waters of  Lamma Island,22.1768489282447,114.144469189438,WGS84
2023S0009,2023-03-21,2023-04-04,Dinoflagellates,Gonyaulax polygramma,Sham Wan Fish Culture Zone,22.4411464909529,114.35183028377,WGS84
2023S0008,2023-03-21,2023-03-24,Dinoflagellates,Noctiluca scintillans,"Stanley Bay, Hong Kong Island",22.2139681625954,114.211490509985,WGS84
2023S0010,2023-03-21,2023-04-04,Dinoflagellates,Gonyaulax polygramma,Wong Chuk Kok Hoi including Wong Wan Fish Culture Zone,22.5090134788913,114.317574683961,WGS84
2023S0011,2023-03-21,2023-03-26,Dinoflagellates,Noctiluca scintillans,"Repulse Bay Beach, Hong Kong Island",22.2359515069033,114.196102741733,WGS84
2023S0012,2023-03-22,2023-03-27,Dinoflagellates,Noctiluca scintillans,"Deep Water Bay Beach, Hong Kong Island",22.2451875582108,114.186277193872,WGS84
2023S0013,2023-03-22,2023-03-24,Dinoflagellates,Noctiluca scintillans,"Chung Hom Kok Beach, Hong Kong Island",22.2171680605348,114.201464827808,WGS84
2023S0014,2023-03-22,2023-03-24,Dinoflagellates,Noctiluca scintillans,"South Bay Beach, Hong Kong Island",22.2247661215107,114.196747196121,WGS84
2023S0015,2023-03-22,2023-03-28,Dinoflagellates,Noctiluca scintillans,Waters off Tseung Kwan O Waterfront Park,22.3004877992715,114.259608658069,WGS84
2023S0016,2023-03-22,2023-03-27,Dinoflagellates,Noctiluca scintillans,"Deep Water Bay, Hong Kong Island",22.242791290243,114.180395881487,WGS84
2023S0017,2023-03-23,2023-03-27,Dinoflagellates,Noctiluca scintillans,"Turtle Cove Beach, Hong Kong Island",22.2327485442787,114.223260986759,WGS84
2023S0018,2023-03-23,2023-03-27,Dinoflagellates,Noctiluca scintillans,"St. Stephen's Beach, Hong Kong Island",22.2121993424822,114.214672722783,WGS84
2023S0019,2023-03-24,2023-03-25,Dinoflagellates,Noctiluca scintillans,"Stanley Main Beach, Hong Kong Island",22.2221698457737,114.214528065035,WGS84
2023S0020,2023-03-27,2023-04-04,Dinoflagellates,Gonyaulax polygramma,Tolo Harbour near Wu Kai Sha,22.4406047980544,114.252249668318,WGS84
2023S0021,2023-03-28,2023-04-04,Dinoflagellates,Gonyaulax polygramma,Three Fathoms Cove including Yung Shue Au Fish Culture Zone,22.4318034343067,114.278089705101,WGS84
2023S0022,2023-03-30,2023-04-02,Dinoflagellates,Noctiluca scintillans,"Silverstrand Beach, Sai Kung",22.3228705261787,114.272203070566,WGS84
2023S0023,2023-03-30,2023-04-04,Dinoflagellates,Gonyaulax polygramma,Double Haven,22.5217176709955,114.294547532718,WGS84
2023S0024,2023-04-06,2023-04-07,Dinoflagellates,Noctiluca scintillans,"St. Stephen's Beach, Hong Kong",22.2122535777595,114.214639775732,WGS84
2023S0025,2023-04-06,2023-04-07,Dinoflagellates,Noctiluca scintillans,"Turtle Cove Beach, Hong Kong Island",22.2325727392943,114.223585823779,WGS84
2023S0026,2023-04-06,2023-04-10,Dinoflagellates,Noctiluca scintillans,"Repulse Bay Beach, Hong Kong Island",22.2349817816643,114.196946132756,WGS84
2023S0027,2023-04-06,2023-04-13,Dinoflagellates,Noctiluca scintillans,Leung Shuen Wan Fish Culture Zone,22.348675724377,114.353458309391,WGS84
2023S0028,2023-04-21,2023-04-22,Dinoflagellates,Noctiluca scintillans,"Stanley Main Beach, Hong Kong Island",22.2220340589373,114.214486528541,WGS84
2023S0029,2023-04-24,2023-04-27,Dinoflagellates,Noctiluca scintillans,Tolo Channel including Lo Fu Wat Fish Culture Zone,22.4681668282061,114.277456090855,WGS84
2023S0030,2023-04-25,2023-04-27,Dinoflagellates,Noctiluca scintillans,"Silverstrand Beach, Sai Kung",22.322808683147,114.272279455121,WGS84
2023S0031,2023-05-11,2023-05-22,Others,Heterosigma akashiwo,Tolo Harbor including Yim Tin Tsai and Yim Tin Tsai (East) Fish Culture Zone,22.4452949650353,114.234925188087,WGS84
2023S0031,2023-05-11,2023-05-22,Others,Vicicitus globosus,Tolo Harbor including Yim Tin Tsai and Yim Tin Tsai (East) Fish Culture Zone,22.4452949650353,114.234925188087,WGS84
2023S0032,2023-05-12,2023-05-22,Others,Vicicitus globosus,"Tolo Channel and Three Fathoms Cove, including Lo Fu Wat and Yung Shu Au Fish Culture Zone",22.4416186251742,114.273155804485,WGS84
2023S0033,2023-05-15,2023-05-22,Others,Vicicitus globosus,"Long Harbour including Tap Mun, Kau Lau Wan and Sham Wan Fish Culture Zones",22.4629160308376,114.356277189803,WGS84
2023S0034,2023-05-30,2023-06-04,Others,Phaeocystis globosa,"Deep Water Bay Beach, Hong Kong Island",22.2432806425355,114.184349165869,WGS84
2023S0035,2023-05-31,2023-06-05,Others,Phaeocystis globosa,"Repulse Bay Beach, Hong Kong Island",22.2354689296704,114.196738946341,WGS84
2023S0036,2023-06-27,2023-07-05,Diatom,Pseudo-nitzschia delicatissima,Victoria Harbour near Hung Hom,22.3051661654782,114.193750145473,WGS84
2023S0037,2023-07-24,2023-08-06,Dinoflagellates,Scrippsiella trochoidea,"Silver Mine Bay Beach, Lantau Island",22.2706519552257,114.000916168529,WGS84
2023S0038,2023-08-08,2023-08-09,Others,Chattonella marina,Starling Inlet including Sha Tau Kok Fish Culture Zone,22.5409089756371,114.228512463158,WGS84
2023S0039,2023-08-28,2023-08-29,Dinoflagellates,Levanderina fissa,"Shek O Beach, Hong Kong Island",22.227939338949,114.251151627674,WGS84
2023S0040,2023-09-12,2023-09-18,Others,Heterosigma akashiwo,Tolo Harbour Including Yim Tin Tsai and Yim Tin Tsai (East) Fish Culture Zone,22.4464173672829,114.231933702226,WGS84
2024S0001,2024-01-19,2024-01-20,Dinoflagellates,Noctiluca scintillans,"Ting Kau Beach, Tsuen Wan",22.3689240175123,114.079643065574,WGS84
2024S0002,2024-01-25,2024-02-01,Others,Phaeocystis globosa,"Sam Pak Wan, Lantau Island",22.3082254760422,114.018397335032,WGS84
